"type","Status","Amount_In_Dollars","Original_Date","Traded_Time","Last_Updated","Deposit_Type","Fee_In_Dollars","Market_Title","Market_Ticker","Market_Id","Filled","Remaining","Direction","Order_Type","Price_In_Cents","No_Contracts_Owned","No_Contracts_Average_Price_In_Cents","Yes_Contracts_Owned","Yes_Contracts_Average_Price_In_Cents","Result","Profit_In_Dollars","Credit_Reason","Credit_Type","Introducing_Broker"
"Order","Filled","","2026-05-24T16:06:25.344Z","","","","","","KXETH15M-26MAY241215-15","726906b9-cb5a-4af5-a416-872a71c28803","10.76","0","","","","","","","","","","","",""
"Order","Filled","","2026-05-24T16:00:40.454Z","","","","","","KXETH15M-26MAY241215-15","726906b9-cb5a-4af5-a416-872a71c28803","10.76","0","","","","","","","","","","","",""
"Order","Filled","","2026-05-24T15:59:38.525Z","","","","","","KXETH15M-26MAY241200-00","ec29d5cd-4bf2-48f1-82fc-8dc725315034","9.6","0","","","","","","","","","","","",""
"Order","Canceled","","2026-05-24T15:59:18.032Z","","","","","","KXETH15M-26MAY241200-00","ec29d5cd-4bf2-48f1-82fc-8dc725315034","0","0","","","","","","","","","","","",""
"Order","Canceled","","2026-05-24T15:59:18.031Z","","","","","","KXETH15M-26MAY241200-00","ec29d5cd-4bf2-48f1-82fc-8dc725315034","0","0","","","","","","","","","","","",""
"Order","Canceled","","2026-05-24T15:59:14.608Z","","","","","","KXETH15M-26MAY241200-00","ec29d5cd-4bf2-48f1-82fc-8dc725315034","0","0","","","","","","","","","","","",""
"Order","Canceled","","2026-05-24T15:59:14.607Z","","","","","","KXETH15M-26MAY241200-00","ec29d5cd-4bf2-48f1-82fc-8dc725315034","0","0","","","","","","","","","","","",""
"Order","Canceled","","2026-05-24T15:58:51.524Z","","","","","","KXETH15M-26MAY241200-00","ec29d5cd-4bf2-48f1-82fc-8dc725315034","0","0","","","","","","","","","","","",""
"Order","Canceled","","2026-05-24T15:58:51.523Z","","","","","","KXETH15M-26MAY241200-00","ec29d5cd-4bf2-48f1-82fc-8dc725315034","0","0","","","","","","","","","","","",""
"Order","Canceled","","2026-05-24T15:58:24.778Z","","","","","","KXETH15M-26MAY241200-00","ec29d5cd-4bf2-48f1-82fc-8dc725315034","0","0","","","","","","","","","","","",""
"Order","Canceled","","2026-05-24T15:58:24.777Z","","","","","","KXETH15M-26MAY241200-00","ec29d5cd-4bf2-48f1-82fc-8dc725315034","0","0","","","","","","","","","","","",""
"Order","Filled","","2026-05-24T15:55:22.776Z","","","","","","KXBTC15M-26MAY241200-00","e03b5916-92b2-42c5-b470-dec2538b17d6","13.47","0","","","","","","","","","","","",""
"Order","Filled","","2026-05-24T15:53:59.960Z","","","","","","KXSOL15M-26MAY241200-00","12cdf60a-8a00-49b1-8ce3-b7bab1b44c4f","12.58","0","","","","","","","","","","","",""
"Order","Filled","","2026-05-24T15:53:05.302Z","","","","","","KXSOL15M-26MAY241200-00","12cdf60a-8a00-49b1-8ce3-b7bab1b44c4f","12.58","0","","","","","","","","","","","",""
"Order","Canceled","","2026-05-24T15:53:00.523Z","","","","","","KXSOL15M-26MAY241200-00","12cdf60a-8a00-49b1-8ce3-b7bab1b44c4f","0","0","","","","","","","","","","","",""
"Order","Canceled","","2026-05-24T15:53:00.522Z","","","","","","KXSOL15M-26MAY241200-00","12cdf60a-8a00-49b1-8ce3-b7bab1b44c4f","0","0","","","","","","","","","","","",""
"Order","Filled","","2026-05-24T15:48:03.740Z","","","","","","KXETH15M-26MAY241200-00","ec29d5cd-4bf2-48f1-82fc-8dc725315034","9.6","0","","","","","","","","","","","",""
"Order","Canceled","","2026-05-24T15:47:56.081Z","","","","","","KXETH15M-26MAY241200-00","ec29d5cd-4bf2-48f1-82fc-8dc725315034","0","0","","","","","","","","","","","",""
"Order","Canceled","","2026-05-24T15:47:56.078Z","","","","","","KXETH15M-26MAY241200-00","ec29d5cd-4bf2-48f1-82fc-8dc725315034","0","0","","","","","","","","","","","",""
"Order","Filled","","2026-05-24T15:42:25.262Z","","","","","","KXETH15M-26MAY241145-45","f1434ccc-5a1d-425b-ab47-8171bc53330e","20.06","0","","","","","","","","","","","",""
"Order","Canceled","","2026-05-24T15:41:07.299Z","","","","","","KXETH15M-26MAY241145-45","f1434ccc-5a1d-425b-ab47-8171bc53330e","0","0","","","","","","","","","","","",""
"Order","Canceled","","2026-05-24T15:41:07.299Z","","","","","","KXETH15M-26MAY241145-45","f1434ccc-5a1d-425b-ab47-8171bc53330e","0","0","","","","","","","","","","","",""
"Order","Canceled","","2026-05-24T15:40:38.534Z","","","","","","KXETH15M-26MAY241145-45","f1434ccc-5a1d-425b-ab47-8171bc53330e","0","0","","","","","","","","","","","",""
"Order","Canceled","","2026-05-24T15:40:38.533Z","","","","","","KXETH15M-26MAY241145-45","f1434ccc-5a1d-425b-ab47-8171bc53330e","0","0","","","","","","","","","","","",""
"Order","Filled","","2026-05-24T15:39:09.173Z","","","","","","KXETH15M-26MAY241145-45","f1434ccc-5a1d-425b-ab47-8171bc53330e","10.08","0","","","","","","","","","","","",""
"Order","Canceled","","2026-05-24T15:39:03.919Z","","","","","","KXETH15M-26MAY241145-45","f1434ccc-5a1d-425b-ab47-8171bc53330e","0","0","","","","","","","","","","","",""
"Order","Canceled","","2026-05-24T15:39:03.918Z","","","","","","KXETH15M-26MAY241145-45","f1434ccc-5a1d-425b-ab47-8171bc53330e","0","0","","","","","","","","","","","",""
"Order","Filled","","2026-05-24T15:38:05.600Z","","","","","","KXETH15M-26MAY241145-45","f1434ccc-5a1d-425b-ab47-8171bc53330e","15.13","0","","","","","","","","","","","",""
"Order","Filled","","2026-05-24T15:37:32.080Z","","","","","","KXETH15M-26MAY241145-45","f1434ccc-5a1d-425b-ab47-8171bc53330e","15.13","0","","","","","","","","","","","",""
"Order","Canceled","","2026-05-24T15:37:32.079Z","","","","","","KXETH15M-26MAY241145-45","f1434ccc-5a1d-425b-ab47-8171bc53330e","0","0","","","","","","","","","","","",""
"Order","Filled","","2026-05-24T15:34:47.875Z","","","","","","KXETH15M-26MAY241145-45","f1434ccc-5a1d-425b-ab47-8171bc53330e","11.51","0","","","","","","","","","","","",""
"Order","Filled","","2026-05-24T15:33:06.916Z","","","","","","KXETH15M-26MAY241145-45","f1434ccc-5a1d-425b-ab47-8171bc53330e","11.51","0","","","","","","","","","","","",""
"Order","Canceled","","2026-05-24T15:33:06.915Z","","","","","","KXETH15M-26MAY241145-45","f1434ccc-5a1d-425b-ab47-8171bc53330e","0","0","","","","","","","","","","","",""
"Order","Filled","","2026-05-24T15:26:23.014Z","","","","","","KXSOL15M-26MAY241130-30","ca0ed4c0-eec4-4e07-bf2a-42500dbf2f53","8.64","0","","","","","","","","","","","",""
"Order","Canceled","","2026-05-24T15:26:18.335Z","","","","","","KXSOL15M-26MAY241130-30","ca0ed4c0-eec4-4e07-bf2a-42500dbf2f53","0","0","","","","","","","","","","","",""
"Order","Canceled","","2026-05-24T15:26:18.334Z","","","","","","KXSOL15M-26MAY241130-30","ca0ed4c0-eec4-4e07-bf2a-42500dbf2f53","0","0","","","","","","","","","","","",""
"Order","Canceled","","2026-05-24T15:26:13.552Z","","","","","","KXSOL15M-26MAY241130-30","ca0ed4c0-eec4-4e07-bf2a-42500dbf2f53","0","0","","","","","","","","","","","",""
"Order","Canceled","","2026-05-24T15:26:13.551Z","","","","","","KXSOL15M-26MAY241130-30","ca0ed4c0-eec4-4e07-bf2a-42500dbf2f53","0","0","","","","","","","","","","","",""
"Order","Filled","","2026-05-24T15:12:00.358Z","","","","","","KXETH15M-26MAY241115-15","fb266f83-9b1c-482a-b88f-765095ccdf73","21.15","0","","","","","","","","","","","",""
"Order","Filled","","2026-05-24T15:03:27.532Z","","","","","","KXETH15M-26MAY241115-15","fb266f83-9b1c-482a-b88f-765095ccdf73","21.15","0","","","","","","","","","","","",""
"Order","Canceled","","2026-05-24T15:01:43.690Z","","","","","","KXETH15M-26MAY241115-15","fb266f83-9b1c-482a-b88f-765095ccdf73","0","0","","","","","","","","","","","",""
"Order","Canceled","","2026-05-24T15:01:43.689Z","","","","","","KXETH15M-26MAY241115-15","fb266f83-9b1c-482a-b88f-765095ccdf73","0","0","","","","","","","","","","","",""
"Order","Filled","","2026-05-24T14:52:48.956Z","","","","","","KXETH15M-26MAY241100-00","54ee4705-1b6a-485b-9567-fac8c66e1d1c","10.93","0","","","","","","","","","","","",""
"Order","Filled","","2026-05-24T14:49:20.207Z","","","","","","KXETH15M-26MAY241100-00","54ee4705-1b6a-485b-9567-fac8c66e1d1c","9.69","0","","","","","","","","","","","",""
"Order","Canceled","","2026-05-24T14:49:15.869Z","","","","","","KXETH15M-26MAY241100-00","54ee4705-1b6a-485b-9567-fac8c66e1d1c","0","0","","","","","","","","","","","",""
"Order","Canceled","","2026-05-24T14:49:15.869Z","","","","","","KXETH15M-26MAY241100-00","54ee4705-1b6a-485b-9567-fac8c66e1d1c","0","0","","","","","","","","","","","",""
"Withdrawal","Applied","6","2026-05-24T13:47:05.266Z","","May 24, 2026 at 9:47:05 AM EDT","","NaN","","","","","","","","","","","","","","","","",""
"Order","Filled","","2026-05-24T13:11:08.705Z","","","","","","KXETH15M-26MAY240915-15","0b8165e3-ad6c-45f0-bd41-1099e8c27bcb","10.08","0","","","","","","","","","","","",""
"Order","Filled","","2026-05-24T13:08:01.830Z","","","","","","KXETH15M-26MAY240915-15","0b8165e3-ad6c-45f0-bd41-1099e8c27bcb","5.31","0","","","","","","","","","","","",""
"Order","Filled","","2026-05-24T13:05:06.178Z","","","","","","KXETH15M-26MAY240915-15","0b8165e3-ad6c-45f0-bd41-1099e8c27bcb","10.93","0","","","","","","","","","","","",""
"Order","Canceled","","2026-05-24T13:05:02.037Z","","","","","","KXETH15M-26MAY240915-15","0b8165e3-ad6c-45f0-bd41-1099e8c27bcb","0","0","","","","","","","","","","","",""
"Order","Canceled","","2026-05-24T13:05:02.037Z","","","","","","KXETH15M-26MAY240915-15","0b8165e3-ad6c-45f0-bd41-1099e8c27bcb","0","0","","","","","","","","","","","",""
"Order","Filled","","2026-05-24T12:58:49.420Z","","","","","","KXSOL15M-26MAY240900-00","234a529f-0708-4af9-9858-f8a3c90fa0d6","11.11","0","","","","","","","","","","","",""
"Order","Filled","","2026-05-24T12:56:11.784Z","","","","","","KXSOL15M-26MAY240900-00","234a529f-0708-4af9-9858-f8a3c90fa0d6","11.11","0","","","","","","","","","","","",""
"Order","Filled","","2026-05-24T12:53:35.880Z","","","","","","KXSOL15M-26MAY240900-00","234a529f-0708-4af9-9858-f8a3c90fa0d6","24.76","0","","","","","","","","","","","",""
"Order","Filled","","2026-05-24T12:47:52.744Z","","","","","","KXSOL15M-26MAY240900-00","234a529f-0708-4af9-9858-f8a3c90fa0d6","24.76","0","","","","","","","","","","","",""
"Order","Filled","","2026-05-24T12:41:43.582Z","","","","","","KXETH15M-26MAY240845-45","da00bb02-cfbc-4af0-99f1-6522977085d9","21.48","0","","","","","","","","","","","",""
"Order","Canceled","","2026-05-24T12:41:39.690Z","","","","","","KXETH15M-26MAY240845-45","da00bb02-cfbc-4af0-99f1-6522977085d9","0","0","","","","","","","","","","","",""
"Order","Canceled","","2026-05-24T12:41:39.690Z","","","","","","KXETH15M-26MAY240845-45","da00bb02-cfbc-4af0-99f1-6522977085d9","0","0","","","","","","","","","","","",""
"Order","Filled","","2026-05-24T12:35:22.354Z","","","","","","KXETH15M-26MAY240845-45","da00bb02-cfbc-4af0-99f1-6522977085d9","9.3","0","","","","","","","","","","","",""
"Order","Canceled","","2026-05-24T12:35:17.908Z","","","","","","KXETH15M-26MAY240845-45","da00bb02-cfbc-4af0-99f1-6522977085d9","0","0","","","","","","","","","","","",""
"Order","Canceled","","2026-05-24T12:35:17.908Z","","","","","","KXETH15M-26MAY240845-45","da00bb02-cfbc-4af0-99f1-6522977085d9","0","0","","","","","","","","","","","",""
"Order","Filled","","2026-05-24T12:34:37.337Z","","","","","","KXSOL15M-26MAY240845-45","1ac83e6c-a051-4338-ba1c-218bfa956863","11.5","0","","","","","","","","","","","",""
"Order","Canceled","","2026-05-24T12:34:23.357Z","","","","","","KXSOL15M-26MAY240845-45","1ac83e6c-a051-4338-ba1c-218bfa956863","0","0","","","","","","","","","","","",""
"Order","Canceled","","2026-05-24T12:34:23.356Z","","","","","","KXSOL15M-26MAY240845-45","1ac83e6c-a051-4338-ba1c-218bfa956863","0","0","","","","","","","","","","","",""
"Order","Filled","","2026-05-24T09:25:13.364Z","","","","","","KXBTC15M-26MAY240530-30","e8ca6471-ee6a-47c5-aaee-7fba2673e299","14.35","0","","","","","","","","","","","",""
"Order","Filled","","2026-05-24T09:17:59.578Z","","","","","","KXBTC15M-26MAY240530-30","e8ca6471-ee6a-47c5-aaee-7fba2673e299","14.35","0","","","","","","","","","","","",""
"Order","Filled","","2026-05-24T06:49:59.188Z","","","","","","KXBTCD-26MAY2403-T76799.99","a64b8a9f-f0ac-4602-b1e4-0be4cd5dc34c","10.96","0","","","","","","","","","","","",""
"Order","Canceled","","2026-05-24T06:49:51.526Z","","","","","","KXBTCD-26MAY2403-T76799.99","a64b8a9f-f0ac-4602-b1e4-0be4cd5dc34c","0","0","","","","","","","","","","","",""
"Order","Canceled","","2026-05-24T06:49:51.526Z","","","","","","KXBTCD-26MAY2403-T76799.99","a64b8a9f-f0ac-4602-b1e4-0be4cd5dc34c","0","0","","","","","","","","","","","",""
"Order","Canceled","","2026-05-24T06:49:46.795Z","","","","","","KXBTCD-26MAY2403-T76799.99","a64b8a9f-f0ac-4602-b1e4-0be4cd5dc34c","0","0","","","","","","","","","","","",""
"Order","Canceled","","2026-05-24T06:49:46.794Z","","","","","","KXBTCD-26MAY2403-T76799.99","a64b8a9f-f0ac-4602-b1e4-0be4cd5dc34c","0","0","","","","","","","","","","","",""
"Order","Filled","","2026-05-24T06:40:39.376Z","","","","","","KXBTC15M-26MAY240245-45","e0a66440-5126-4fb9-b933-fff9d995fa77","13.66","0","","","","","","","","","","","",""
"Order","Canceled","","2026-05-24T06:14:29.774Z","","","","","","KXBTC15M-26MAY240215-15","714812bc-5777-454b-874a-7760d32b9c6a","0","0","","","","","","","","","","","",""
"Order","Canceled","","2026-05-24T06:14:29.773Z","","","","","","KXBTC15M-26MAY240215-15","714812bc-5777-454b-874a-7760d32b9c6a","0","0","","","","","","","","","","","",""
"Order","Canceled","","2026-05-24T06:14:24.095Z","","","","","","KXBTC15M-26MAY240215-15","714812bc-5777-454b-874a-7760d32b9c6a","0","0","","","","","","","","","","","",""
"Order","Canceled","","2026-05-24T06:14:24.094Z","","","","","","KXBTC15M-26MAY240215-15","714812bc-5777-454b-874a-7760d32b9c6a","0","0","","","","","","","","","","","",""
"Order","Canceled","","2026-05-24T06:14:20.265Z","","","","","","KXBTC15M-26MAY240215-15","714812bc-5777-454b-874a-7760d32b9c6a","0","0","","","","","","","","","","","",""
"Order","Canceled","","2026-05-24T06:14:20.265Z","","","","","","KXBTC15M-26MAY240215-15","714812bc-5777-454b-874a-7760d32b9c6a","0","0","","","","","","","","","","","",""
"Order","Canceled","","2026-05-24T06:14:15.603Z","","","","","","KXBTC15M-26MAY240215-15","714812bc-5777-454b-874a-7760d32b9c6a","0","0","","","","","","","","","","","",""
"Order","Canceled","","2026-05-24T06:14:15.602Z","","","","","","KXBTC15M-26MAY240215-15","714812bc-5777-454b-874a-7760d32b9c6a","0","0","","","","","","","","","","","",""
"Order","Filled","","2026-05-24T05:58:28.954Z","","","","","","KXBTCD-26MAY2402-T76699.99","836250a1-9b8e-46ae-bd18-ffff46fe859d","56.25","0","","","","","","","","","","","",""
"Order","Filled","","2026-05-24T04:56:03.699Z","","","","","","KXBTC15M-26MAY240100-00","59f028ad-61b9-47d6-9a8d-7a837dc7f391","9.46","0","","","","","","","","","","","",""
"Order","Filled","","2026-05-24T04:55:43.012Z","","","","","","KXBTC15M-26MAY240100-00","59f028ad-61b9-47d6-9a8d-7a837dc7f391","10.25","0","","","","","","","","","","","",""
"Order","Filled","","2026-05-24T04:55:03.748Z","","","","","","KXBTC15M-26MAY240100-00","59f028ad-61b9-47d6-9a8d-7a837dc7f391","10.69","0","","","","","","","","","","","",""
"Order","Filled","","2026-05-24T04:49:02.997Z","","","","","","KXBTC15M-26MAY240100-00","59f028ad-61b9-47d6-9a8d-7a837dc7f391","10.69","0","","","","","","","","","","","",""
"Order","Filled","","2026-05-24T03:28:02.452Z","","","","","","KXBTC15M-26MAY232330-30","465511a2-1542-4c0a-9539-0c736d771f77","7.6","0","","","","","","","","","","","",""
"Order","Filled","","2026-05-24T03:24:42.177Z","","","","","","KXBTC15M-26MAY232330-30","465511a2-1542-4c0a-9539-0c736d771f77","7.04","0","","","","","","","","","","","",""
"Order","Canceled","","2026-05-24T03:24:36.886Z","","","","","","KXBTC15M-26MAY232330-30","465511a2-1542-4c0a-9539-0c736d771f77","0","0","","","","","","","","","","","",""
"Order","Canceled","","2026-05-24T03:24:36.886Z","","","","","","KXBTC15M-26MAY232330-30","465511a2-1542-4c0a-9539-0c736d771f77","0","0","","","","","","","","","","","",""
"Order","Canceled","","2026-05-24T03:24:32.872Z","","","","","","KXBTC15M-26MAY232330-30","465511a2-1542-4c0a-9539-0c736d771f77","0","0","","","","","","","","","","","",""
"Order","Canceled","","2026-05-24T03:24:32.871Z","","","","","","KXBTC15M-26MAY232330-30","465511a2-1542-4c0a-9539-0c736d771f77","0","0","","","","","","","","","","","",""
"Order","Filled","","2026-05-24T03:22:38.616Z","","","","","","KXBTC15M-26MAY232330-30","465511a2-1542-4c0a-9539-0c736d771f77","10.57","0","","","","","","","","","","","",""
"Order","Canceled","","2026-05-24T03:22:34.408Z","","","","","","KXBTC15M-26MAY232330-30","465511a2-1542-4c0a-9539-0c736d771f77","0","0","","","","","","","","","","","",""
"Order","Canceled","","2026-05-24T03:22:34.407Z","","","","","","KXBTC15M-26MAY232330-30","465511a2-1542-4c0a-9539-0c736d771f77","0","0","","","","","","","","","","","",""
"Order","Canceled","","2026-05-24T03:22:30.669Z","","","","","","KXBTC15M-26MAY232330-30","465511a2-1542-4c0a-9539-0c736d771f77","0","0","","","","","","","","","","","",""
"Order","Canceled","","2026-05-24T03:22:30.668Z","","","","","","KXBTC15M-26MAY232330-30","465511a2-1542-4c0a-9539-0c736d771f77","0","0","","","","","","","","","","","",""
"Order","Canceled","","2026-05-24T03:22:25.558Z","","","","","","KXBTC15M-26MAY232330-30","465511a2-1542-4c0a-9539-0c736d771f77","0","0","","","","","","","","","","","",""
"Order","Canceled","","2026-05-24T03:22:25.557Z","","","","","","KXBTC15M-26MAY232330-30","465511a2-1542-4c0a-9539-0c736d771f77","0","0","","","","","","","","","","","",""
"Order","Filled","","2026-05-24T03:13:02.615Z","","","","","","KXSOL15M-26MAY232315-15","994cf0d2-2118-4e6f-b10a-a917894116fb","9.28","0","","","","","","","","","","","",""
"Order","Filled","","2026-05-24T03:12:24.880Z","","","","","","KXXRP15M-26MAY232315-15","fde66644-e258-467c-b8d5-422346a052c2","11.59","0","","","","","","","","","","","",""
"Order","Filled","","2026-05-24T03:04:18.569Z","","","","","","KXSOL15M-26MAY232315-15","994cf0d2-2118-4e6f-b10a-a917894116fb","9.28","0","","","","","","","","","","","",""
"Order","Filled","","2026-05-24T03:03:08.702Z","","","","","","KXXRP15M-26MAY232315-15","fde66644-e258-467c-b8d5-422346a052c2","11.59","0","","","","","","","","","","","",""
"Order","Filled","","2026-05-24T02:59:02.823Z","","","","","","KXETH15M-26MAY232300-00","f20c6049-6541-40ae-87b2-bd1b45c35fbd","11.8","0","","","","","","","","","","","",""
"Order","Filled","","2026-05-24T02:58:25.760Z","","","","","","KXETH15M-26MAY232300-00","f20c6049-6541-40ae-87b2-bd1b45c35fbd","8.19","0","","","","","","","","","","","",""
"Order","Canceled","","2026-05-24T02:58:17.541Z","","","","","","KXETH15M-26MAY232300-00","f20c6049-6541-40ae-87b2-bd1b45c35fbd","0","0","","","","","","","","","","","",""
"Order","Canceled","","2026-05-24T02:58:17.541Z","","","","","","KXETH15M-26MAY232300-00","f20c6049-6541-40ae-87b2-bd1b45c35fbd","0","0","","","","","","","","","","","",""
"Order","Canceled","","2026-05-24T02:58:12.335Z","","","","","","KXETH15M-26MAY232300-00","f20c6049-6541-40ae-87b2-bd1b45c35fbd","0","0","","","","","","","","","","","",""
"Order","Canceled","","2026-05-24T02:58:12.334Z","","","","","","KXETH15M-26MAY232300-00","f20c6049-6541-40ae-87b2-bd1b45c35fbd","0","0","","","","","","","","","","","",""
"Order","Filled","","2026-05-24T02:57:03.557Z","","","","","","KXBTC15M-26MAY232300-00","2e0469a4-4503-43e2-a874-9a6cab7d4d7b","8.75","0","","","","","","","","","","","",""
"Order","Filled","","2026-05-24T02:48:56.209Z","","","","","","KXBTC15M-26MAY232300-00","2e0469a4-4503-43e2-a874-9a6cab7d4d7b","8.75","0","","","","","","","","","","","",""
"Order","Filled","","2026-05-24T02:13:05.375Z","","","","","","KXBTC15M-26MAY232215-15","d1ab0f87-7f96-4050-9dd8-14fc4348d506","20.06","0","","","","","","","","","","","",""
"Order","Filled","","2026-05-24T02:07:30.865Z","","","","","","KXBTC15M-26MAY232215-15","d1ab0f87-7f96-4050-9dd8-14fc4348d506","9.85","0","","","","","","","","","","","",""
"Order","Canceled","","2026-05-24T02:07:24.153Z","","","","","","KXBTC15M-26MAY232215-15","d1ab0f87-7f96-4050-9dd8-14fc4348d506","0","0","","","","","","","","","","","",""
"Order","Canceled","","2026-05-24T02:07:24.152Z","","","","","","KXBTC15M-26MAY232215-15","d1ab0f87-7f96-4050-9dd8-14fc4348d506","0","0","","","","","","","","","","","",""
"Order","Filled","","2026-05-24T02:01:35.596Z","","","","","","KXBTC15M-26MAY232215-15","d1ab0f87-7f96-4050-9dd8-14fc4348d506","10.21","0","","","","","","","","","","","",""
"Order","Filled","","2026-05-24T01:39:23.464Z","","","","","","KXBTC15M-26MAY232145-45","d2e9e6a2-1bd9-46b7-9545-2b3e8159aa7f","15.59","0","","","","","","","","","","","",""
"Order","Filled","","2026-05-24T00:08:38.480Z","","","","","","KXBTC15M-26MAY232015-15","12dbbaeb-0616-4f00-870e-bb6e744228c4","9.46","0","","","","","","","","","","","",""
"Order","Filled","","2026-05-24T00:03:59.488Z","","","","","","KXBTC15M-26MAY232015-15","12dbbaeb-0616-4f00-870e-bb6e744228c4","11.71","0","","","","","","","","","","","",""
"Order","Canceled","","2026-05-24T00:03:55.386Z","","","","","","KXBTC15M-26MAY232015-15","12dbbaeb-0616-4f00-870e-bb6e744228c4","0","0","","","","","","","","","","","",""
"Order","Canceled","","2026-05-24T00:03:55.385Z","","","","","","KXBTC15M-26MAY232015-15","12dbbaeb-0616-4f00-870e-bb6e744228c4","0","0","","","","","","","","","","","",""
"Order","Canceled","","2026-05-24T00:03:51.579Z","","","","","","KXBTC15M-26MAY232015-15","12dbbaeb-0616-4f00-870e-bb6e744228c4","0","0","","","","","","","","","","","",""
"Order","Canceled","","2026-05-24T00:03:51.578Z","","","","","","KXBTC15M-26MAY232015-15","12dbbaeb-0616-4f00-870e-bb6e744228c4","0","0","","","","","","","","","","","",""
"Order","Canceled","","2026-05-24T00:03:47.155Z","","","","","","KXBTC15M-26MAY232015-15","12dbbaeb-0616-4f00-870e-bb6e744228c4","0","0","","","","","","","","","","","",""
"Order","Canceled","","2026-05-24T00:03:47.154Z","","","","","","KXBTC15M-26MAY232015-15","12dbbaeb-0616-4f00-870e-bb6e744228c4","0","0","","","","","","","","","","","",""
"Order","Canceled","","2026-05-24T00:03:43.199Z","","","","","","KXBTC15M-26MAY232015-15","12dbbaeb-0616-4f00-870e-bb6e744228c4","0","0","","","","","","","","","","","",""
"Order","Canceled","","2026-05-24T00:03:43.198Z","","","","","","KXBTC15M-26MAY232015-15","12dbbaeb-0616-4f00-870e-bb6e744228c4","0","0","","","","","","","","","","","",""
"Order","Filled","","2026-05-23T22:58:47.416Z","","","","","","KXXRP15M-26MAY231900-00","5be6f375-0ddc-4cdf-bc71-4e82bc655781","10.39","0","","","","","","","","","","","",""
"Order","Filled","","2026-05-23T22:51:02.281Z","","","","","","KXXRP15M-26MAY231900-00","5be6f375-0ddc-4cdf-bc71-4e82bc655781","10.39","0","","","","","","","","","","","",""
"Order","Filled","","2026-05-23T22:26:16.161Z","","","","","","KXBTC15M-26MAY231830-30","979b8456-e6f6-404d-a27e-d5cfc54af90d","13.57","0","","","","","","","","","","","",""
"Order","Filled","","2026-05-23T22:17:43.618Z","","","","","","KXBTC15M-26MAY231830-30","979b8456-e6f6-404d-a27e-d5cfc54af90d","13.57","0","","","","","","","","","","","",""
"Order","Canceled","","2026-05-23T22:12:08.310Z","","","","","","KXBTC15M-26MAY231815-15","c40370b9-193f-4177-9827-8ecb5fd4b9f9","0","0","","","","","","","","","","","",""
"Order","Canceled","","2026-05-23T22:11:55.856Z","","","","","","KXBTC15M-26MAY231815-15","c40370b9-193f-4177-9827-8ecb5fd4b9f9","0","0","","","","","","","","","","","",""
"Order","Canceled","","2026-05-23T22:11:46.120Z","","","","","","KXBTC15M-26MAY231815-15","c40370b9-193f-4177-9827-8ecb5fd4b9f9","0","0","","","","","","","","","","","",""
"Order","Canceled","","2026-05-23T22:11:41.827Z","","","","","","KXBTC15M-26MAY231815-15","c40370b9-193f-4177-9827-8ecb5fd4b9f9","0","0","","","","","","","","","","","",""
"Order","Canceled","","2026-05-23T22:11:37.744Z","","","","","","KXBTC15M-26MAY231815-15","c40370b9-193f-4177-9827-8ecb5fd4b9f9","0","0","","","","","","","","","","","",""
"Order","Canceled","","2026-05-23T22:11:33.915Z","","","","","","KXBTC15M-26MAY231815-15","c40370b9-193f-4177-9827-8ecb5fd4b9f9","0","0","","","","","","","","","","","",""
"Order","Canceled","","2026-05-23T22:11:21.984Z","","","","","","KXBTC15M-26MAY231815-15","c40370b9-193f-4177-9827-8ecb5fd4b9f9","0","0","","","","","","","","","","","",""
"Order","Canceled","","2026-05-23T22:11:15.878Z","","","","","","KXBTC15M-26MAY231815-15","c40370b9-193f-4177-9827-8ecb5fd4b9f9","0","0","","","","","","","","","","","",""
"Order","Canceled","","2026-05-23T22:11:12.465Z","","","","","","KXBTC15M-26MAY231815-15","c40370b9-193f-4177-9827-8ecb5fd4b9f9","0","0","","","","","","","","","","","",""
"Order","Canceled","","2026-05-23T22:11:08.675Z","","","","","","KXBTC15M-26MAY231815-15","c40370b9-193f-4177-9827-8ecb5fd4b9f9","0","0","","","","","","","","","","","",""
"Order","Filled","","2026-05-23T22:09:01.522Z","","","","","","KXBTC15M-26MAY231815-15","c40370b9-193f-4177-9827-8ecb5fd4b9f9","5.58","0","","","","","","","","","","","",""
"Order","Filled","","2026-05-23T22:08:25.580Z","","","","","","KXBTC15M-26MAY231815-15","c40370b9-193f-4177-9827-8ecb5fd4b9f9","14.61","0","","","","","","","","","","","",""
"Order","Filled","","2026-05-23T21:56:11.413Z","","","","","","KXSOL15M-26MAY231800-00","23ef45fa-d3eb-4da3-b30a-1ac1ec21d47c","26.74","0","","","","","","","","","","","",""
"Order","Filled","","2026-05-23T21:54:14.856Z","","","","","","KXSOL15M-26MAY231800-00","23ef45fa-d3eb-4da3-b30a-1ac1ec21d47c","6.57","0","","","","","","","","","","","",""
"Order","Canceled","","2026-05-23T21:54:09.757Z","","","","","","KXSOL15M-26MAY231800-00","23ef45fa-d3eb-4da3-b30a-1ac1ec21d47c","0","0","","","","","","","","","","","",""
"Order","Canceled","","2026-05-23T21:54:09.756Z","","","","","","KXSOL15M-26MAY231800-00","23ef45fa-d3eb-4da3-b30a-1ac1ec21d47c","0","0","","","","","","","","","","","",""
"Order","Filled","","2026-05-23T21:52:27.462Z","","","","","","KXSOL15M-26MAY231800-00","23ef45fa-d3eb-4da3-b30a-1ac1ec21d47c","20.17","0","","","","","","","","","","","",""
"Order","Filled","","2026-05-23T21:42:06.055Z","","","","","","KXBTC15M-26MAY231745-45","13425508-71f6-410f-b6a7-bedbca486c50","84.17","0","","","","","","","","","","","",""
"Order","Canceled","","2026-05-23T21:41:33.077Z","","","","","","KXBTC15M-26MAY231745-45","13425508-71f6-410f-b6a7-bedbca486c50","0","0","","","","","","","","","","","",""
"Order","Canceled","","2026-05-23T21:41:33.076Z","","","","","","KXBTC15M-26MAY231745-45","13425508-71f6-410f-b6a7-bedbca486c50","0","0","","","","","","","","","","","",""
"Order","Canceled","","2026-05-23T21:41:28.368Z","","","","","","KXBTC15M-26MAY231745-45","13425508-71f6-410f-b6a7-bedbca486c50","0","0","","","","","","","","","","","",""
"Order","Canceled","","2026-05-23T21:41:28.367Z","","","","","","KXBTC15M-26MAY231745-45","13425508-71f6-410f-b6a7-bedbca486c50","0","0","","","","","","","","","","","",""
"Order","Filled","","2026-05-23T21:38:41.335Z","","","","","","KXBTC15M-26MAY231745-45","13425508-71f6-410f-b6a7-bedbca486c50","7.19","0","","","","","","","","","","","",""
"Order","Filled","","2026-05-23T21:36:23.979Z","","","","","","KXBTC15M-26MAY231745-45","13425508-71f6-410f-b6a7-bedbca486c50","15.07","0","","","","","","","","","","","",""
"Order","Canceled","","2026-05-23T21:24:22.725Z","","","","","","KXETH15M-26MAY231730-30","369cca66-f0ac-4bba-b89e-0961ed032496","0","0","","","","","","","","","","","",""
"Order","Canceled","","2026-05-23T21:24:22.724Z","","","","","","KXETH15M-26MAY231730-30","369cca66-f0ac-4bba-b89e-0961ed032496","0","0","","","","","","","","","","","",""
"Order","Canceled","","2026-05-23T21:21:23.443Z","","","","","","KXETH15M-26MAY231730-30","369cca66-f0ac-4bba-b89e-0961ed032496","0","0","","","","","","","","","","","",""
"Order","Canceled","","2026-05-23T21:21:23.442Z","","","","","","KXETH15M-26MAY231730-30","369cca66-f0ac-4bba-b89e-0961ed032496","0","0","","","","","","","","","","","",""
"Order","Filled","","2026-05-23T21:10:27.480Z","","","","","","KXBTC15M-26MAY231715-15","37d75a7e-36ba-42b8-b8da-ee96b40b32d4","5.9","0","","","","","","","","","","","",""
"Order","Filled","","2026-05-23T21:05:15.399Z","","","","","","KXETH15M-26MAY231715-15","e344716f-057c-4f00-b60e-3c946fd4e9a9","10.65","0","","","","","","","","","","","",""
"Order","Filled","","2026-05-23T21:04:11.515Z","","","","","","KXBTC15M-26MAY231715-15","37d75a7e-36ba-42b8-b8da-ee96b40b32d4","7.84","0","","","","","","","","","","","",""
"Order","Filled","","2026-05-23T21:03:08.814Z","","","","","","KXBTC15M-26MAY231715-15","37d75a7e-36ba-42b8-b8da-ee96b40b32d4","17","0","","","","","","","","","","","",""
"Order","Filled","","2026-05-23T20:59:59.898Z","","","","","","KXXRPD-26MAY2917-T1.3599","06e34037-d622-4b59-b937-ba7f2cfc72dd","8.1","0","","","","","","","","","","","",""
"Order","Filled","","2026-05-23T17:54:31.146Z","","","","","","KXBTC15M-26MAY231400-00","cc82b2ce-48eb-4b71-93c0-ae6ec4eb2dc1","13.85","0","","","","","","","","","","","",""
"Order","Filled","","2026-05-23T17:50:28.441Z","","","","","","KXBTC15M-26MAY231400-00","cc82b2ce-48eb-4b71-93c0-ae6ec4eb2dc1","13.85","0","","","","","","","","","","","",""
"Order","Filled","","2026-05-23T16:57:19.225Z","","","","","","KXBTC15M-26MAY231300-00","840b7657-1ce5-4a04-96f3-d06227c03010","24","0","","","","","","","","","","","",""
"Order","Filled","","2026-05-23T16:50:57.917Z","","","","","","KXBTC15M-26MAY231300-00","840b7657-1ce5-4a04-96f3-d06227c03010","10.05","0","","","","","","","","","","","",""
"Order","Filled","","2026-05-23T15:12:02.748Z","","","","","","KXBTC15M-26MAY231115-15","9cf8c69f-b5e8-495f-878a-91ab06d42c41","9.47","0","","","","","","","","","","","",""
"Order","Filled","","2026-05-23T15:03:20.549Z","","","","","","KXBTC15M-26MAY231115-15","9cf8c69f-b5e8-495f-878a-91ab06d42c41","9.47","0","","","","","","","","","","","",""
"Order","Filled","","2026-05-23T05:59:27.182Z","","","","","","KXSOL15M-26MAY230200-00","462b9d8a-058d-4073-b1af-9e6676d1cb01","13.34","0","","","","","","","","","","","",""
"Order","Filled","","2026-05-23T05:54:12.502Z","","","","","","KXSOL15M-26MAY230200-00","462b9d8a-058d-4073-b1af-9e6676d1cb01","6.15","0","","","","","","","","","","","",""
"Order","Filled","","2026-05-23T05:51:20.585Z","","","","","","KXSOL15M-26MAY230200-00","462b9d8a-058d-4073-b1af-9e6676d1cb01","7.19","0","","","","","","","","","","","",""
"Order","Filled","","2026-05-23T05:44:12.032Z","","","","","","KXBTC15M-26MAY230145-45","1950f6b5-9908-497f-8301-2a195dbf45a0","9.85","0","","","","","","","","","","","",""
"Order","Filled","","2026-05-23T05:32:18.740Z","","","","","","KXBTC15M-26MAY230145-45","1950f6b5-9908-497f-8301-2a195dbf45a0","9.85","0","","","","","","","","","","","",""
"Order","Canceled","","2026-05-23T05:32:12.045Z","","","","","","KXBTC15M-26MAY230145-45","1950f6b5-9908-497f-8301-2a195dbf45a0","0","0","","","","","","","","","","","",""
"Order","Canceled","","2026-05-23T05:32:12.044Z","","","","","","KXBTC15M-26MAY230145-45","1950f6b5-9908-497f-8301-2a195dbf45a0","0","0","","","","","","","","","","","",""
"Order","Filled","","2026-05-23T05:29:14.172Z","","","","","","KXBTC15M-26MAY230130-30","16fb9466-16c1-4004-80ab-570c823c4cf4","11.74","0","","","","","","","","","","","",""
"Order","Filled","","2026-05-23T05:28:07.601Z","","","","","","KXBTC15M-26MAY230130-30","16fb9466-16c1-4004-80ab-570c823c4cf4","8.1","0","","","","","","","","","","","",""
"Order","Canceled","","2026-05-23T05:27:27.649Z","","","","","","KXBTC15M-26MAY230130-30","16fb9466-16c1-4004-80ab-570c823c4cf4","0","0","","","","","","","","","","","",""
"Order","Canceled","","2026-05-23T05:27:27.648Z","","","","","","KXBTC15M-26MAY230130-30","16fb9466-16c1-4004-80ab-570c823c4cf4","0","0","","","","","","","","","","","",""
"Order","Filled","","2026-05-23T05:24:31.504Z","","","","","","KXBTC15M-26MAY230130-30","16fb9466-16c1-4004-80ab-570c823c4cf4","7.6","0","","","","","","","","","","","",""
"Order","Filled","","2026-05-23T05:23:58.581Z","","","","","","KXBTC15M-26MAY230130-30","16fb9466-16c1-4004-80ab-570c823c4cf4","7.6","0","","","","","","","","","","","",""
"Order","Filled","","2026-05-23T05:13:03.855Z","","","","","","KXBTC15M-26MAY230115-15","33b08e0e-7c11-4018-8116-5cc23a3d2554","5.55","0","","","","","","","","","","","",""
"Order","Canceled","","2026-05-23T05:12:54.703Z","","","","","","KXBTC15M-26MAY230115-15","33b08e0e-7c11-4018-8116-5cc23a3d2554","0","0","","","","","","","","","","","",""
"Order","Canceled","","2026-05-23T05:12:54.702Z","","","","","","KXBTC15M-26MAY230115-15","33b08e0e-7c11-4018-8116-5cc23a3d2554","0","0","","","","","","","","","","","",""
"Order","Filled","","2026-05-23T05:04:09.031Z","","","","","","KXBTC15M-26MAY230115-15","33b08e0e-7c11-4018-8116-5cc23a3d2554","11.99","0","","","","","","","","","","","",""
"Order","Filled","","2026-05-22T19:28:10.267Z","","","","","","KXETH15M-26MAY221530-30","a01a046e-9c25-4b83-8a69-6bff9921da14","26.13","0","","","","","","","","","","","",""
"Order","Filled","","2026-05-22T19:26:21.778Z","","","","","","KXETH15M-26MAY221530-30","a01a046e-9c25-4b83-8a69-6bff9921da14","9.02","0","","","","","","","","","","","",""
"Order","Canceled","","2026-05-22T19:26:18.054Z","","","","","","KXETH15M-26MAY221530-30","a01a046e-9c25-4b83-8a69-6bff9921da14","0","0","","","","","","","","","","","",""
"Order","Canceled","","2026-05-22T19:26:18.053Z","","","","","","KXETH15M-26MAY221530-30","a01a046e-9c25-4b83-8a69-6bff9921da14","0","0","","","","","","","","","","","",""
"Order","Canceled","","2026-05-22T19:26:13.824Z","","","","","","KXETH15M-26MAY221530-30","a01a046e-9c25-4b83-8a69-6bff9921da14","0","0","","","","","","","","","","","",""
"Order","Canceled","","2026-05-22T19:26:13.824Z","","","","","","KXETH15M-26MAY221530-30","a01a046e-9c25-4b83-8a69-6bff9921da14","0","0","","","","","","","","","","","",""
"Order","Canceled","","2026-05-22T19:26:10.152Z","","","","","","KXETH15M-26MAY221530-30","a01a046e-9c25-4b83-8a69-6bff9921da14","0","0","","","","","","","","","","","",""
"Order","Canceled","","2026-05-22T19:26:10.151Z","","","","","","KXETH15M-26MAY221530-30","a01a046e-9c25-4b83-8a69-6bff9921da14","0","0","","","","","","","","","","","",""
"Order","Filled","","2026-05-22T19:25:52.730Z","","","","","","KXETH15M-26MAY221530-30","a01a046e-9c25-4b83-8a69-6bff9921da14","17.11","0","","","","","","","","","","","",""
"Order","Filled","","2026-05-22T17:44:29.538Z","","","","","","KXBTC15M-26MAY221345-45","6e445543-2fcd-4e96-8cd2-a3c11e5d0323","9.88","0","","","","","","","","","","","",""
"Order","Filled","","2026-05-22T17:40:02.660Z","","","","","","KXBTC15M-26MAY221345-45","6e445543-2fcd-4e96-8cd2-a3c11e5d0323","9.88","0","","","","","","","","","","","",""
"Order","Filled","","2026-05-22T16:59:06.537Z","","","","","","KXBTC15M-26MAY221300-00","dcd5ef17-9f50-4863-9234-ba840b0cd5d7","38.86","0","","","","","","","","","","","",""
"Order","Filled","","2026-05-22T16:44:04.440Z","","","","","","KXBTC15M-26MAY221245-45","07b6f0fe-2c63-463d-9c24-f7ac2fee8d71","93.51","0","","","","","","","","","","","",""
"Order","Canceled","","2026-05-22T16:43:59.589Z","","","","","","KXBTC15M-26MAY221245-45","07b6f0fe-2c63-463d-9c24-f7ac2fee8d71","0","0","","","","","","","","","","","",""
"Order","Canceled","","2026-05-22T16:43:59.588Z","","","","","","KXBTC15M-26MAY221245-45","07b6f0fe-2c63-463d-9c24-f7ac2fee8d71","0","0","","","","","","","","","","","",""
"Order","Filled","","2026-05-22T16:41:05.883Z","","","","","","KXBTC15M-26MAY221245-45","07b6f0fe-2c63-463d-9c24-f7ac2fee8d71","8.2","0","","","","","","","","","","","",""
"Order","Filled","","2026-05-22T16:28:24.447Z","","","","","","KXBTC15M-26MAY221230-30","51c6b88a-93e2-40d9-b07d-b53ef7dfefa0","9.59","0","","","","","","","","","","","",""
"Order","Filled","","2026-05-22T16:17:34.420Z","","","","","","KXBTC15M-26MAY221230-30","51c6b88a-93e2-40d9-b07d-b53ef7dfefa0","9.59","0","","","","","","","","","","","",""
"Order","Filled","","2026-05-22T14:58:35.293Z","","","","","","KXBTCD-26MAY2211-T76699.99","2b5a0667-9f89-4957-8db4-78a750cb7d89","15.91","0","","","","","","","","","","","",""
"Order","Filled","","2026-05-22T14:56:31.582Z","","","","","","KXBTCD-26MAY2211-T76699.99","2b5a0667-9f89-4957-8db4-78a750cb7d89","4.98","0","","","","","","","","","","","",""
"Order","Filled","","2026-05-22T14:55:26.577Z","","","","","","KXBTCD-26MAY2211-T76699.99","2b5a0667-9f89-4957-8db4-78a750cb7d89","10.93","0","","","","","","","","","","","",""
"Order","Filled","","2026-05-22T14:42:56.874Z","","","","","","KXETH15M-26MAY221045-45","3ca4b964-616c-4474-a5b0-f4473a86da96","9.96","0","","","","","","","","","","","",""
"Order","Filled","","2026-05-22T14:39:21.469Z","","","","","","KXETH15M-26MAY221045-45","3ca4b964-616c-4474-a5b0-f4473a86da96","3.28","0","","","","","","","","","","","",""
"Order","Filled","","2026-05-22T14:38:40.563Z","","","","","","KXETH15M-26MAY221045-45","3ca4b964-616c-4474-a5b0-f4473a86da96","8.74","0","","","","","","","","","","","",""
"Order","Filled","","2026-05-22T13:10:03.308Z","","","","","","KXBTC15M-26MAY220915-15","b5fdcc75-e5c9-4f7c-bb9b-88fd1c260c83","10.08","0","","","","","","","","","","","",""
"Order","Filled","","2026-05-22T13:08:20.056Z","","","","","","KXBTC15M-26MAY220915-15","b5fdcc75-e5c9-4f7c-bb9b-88fd1c260c83","10.08","0","","","","","","","","","","","",""
"Order","Filled","","2026-05-22T12:59:14.855Z","","","","","","KXBTCD-26MAY2209-T77399.99","5f17f446-ff82-4d35-a9d4-81f97b6233ad","8.51","0","","","","","","","","","","","",""
"Order","Filled","","2026-05-22T12:58:20.879Z","","","","","","KXBTCD-26MAY2209-T77399.99","5f17f446-ff82-4d35-a9d4-81f97b6233ad","8.51","0","","","","","","","","","","","",""
"Order","Filled","","2026-05-22T10:55:16.297Z","","","","","","KXBTCD-26MAY2207-T77199.99","d8b862d9-c405-435a-a6af-773a7dd3ca1e","9.53","0","","","","","","","","","","","",""
"Order","Filled","","2026-05-22T10:52:18.453Z","","","","","","KXBTCD-26MAY2207-T77199.99","d8b862d9-c405-435a-a6af-773a7dd3ca1e","9.53","0","","","","","","","","","","","",""
"Order","Filled","","2026-05-22T03:13:44.488Z","","","","","","KXETH15M-26MAY212315-15","ebc87cf7-a8ff-4b7f-bff6-12263dc0bd1e","9.53","0","","","","","","","","","","","",""
"Order","Filled","","2026-05-22T03:12:33.475Z","","","","","","KXETH15M-26MAY212315-15","ebc87cf7-a8ff-4b7f-bff6-12263dc0bd1e","9.53","0","","","","","","","","","","","",""
"Order","Filled","","2026-05-21T19:53:56.110Z","","","","","","KXBTC15M-26MAY211600-00","1f7678e2-2bc5-4bf1-93ab-73a9f6cf744a","9.47","0","","","","","","","","","","","",""
"Order","Filled","","2026-05-21T19:47:56.376Z","","","","","","KXBTC15M-26MAY211600-00","1f7678e2-2bc5-4bf1-93ab-73a9f6cf744a","9.47","0","","","","","","","","","","","",""
"Order","Filled","","2026-05-21T18:48:35.524Z","","","","","","KXBTCD-26MAY2115-T77599.99","77c23bd8-53a1-4667-948d-995e9c7fee98","10.05","0","","","","","","","","","","","",""
"Order","Filled","","2026-05-21T18:41:11.759Z","","","","","","KXETH15M-26MAY211445-45","885b4408-6815-48c0-ae94-0cc7a0ed849d","8.37","0","","","","","","","","","","","",""
"Order","Filled","","2026-05-21T17:57:54.436Z","","","","","","KXBTC-26MAY2114-B77950","efa812d6-355d-4040-8907-5bd9c4d9f3c9","8.97","0","","","","","","","","","","","",""
"Order","Filled","","2026-05-21T17:55:26.960Z","","","","","","KXBTC-26MAY2114-B77950","efa812d6-355d-4040-8907-5bd9c4d9f3c9","8.97","0","","","","","","","","","","","",""
"Order","Filled","","2026-05-21T17:43:00.013Z","","","","","","KXBTC15M-26MAY211345-45","88f18f57-8bef-46b9-9c6a-911dc28ee1f3","12.73","0","","","","","","","","","","","",""
"Order","Filled","","2026-05-21T17:35:30.814Z","","","","","","KXBTC15M-26MAY211345-45","88f18f57-8bef-46b9-9c6a-911dc28ee1f3","5.79","0","","","","","","","","","","","",""
"Order","Filled","","2026-05-21T16:59:14.377Z","","","","","","KXBTCD-26MAY2113-T77099.99","5c61fe4f-ce0a-4910-b89c-c71549005c53","8.68","0","","","","","","","","","","","",""
"Order","Filled","","2026-05-21T16:57:09.868Z","","","","","","KXBTCD-26MAY2113-T77099.99","5c61fe4f-ce0a-4910-b89c-c71549005c53","8.68","0","","","","","","","","","","","",""
"Order","Filled","","2026-05-21T16:28:33.632Z","","","","","","KXXRP15M-26MAY211230-30","d9d7441f-4508-43ab-9b0d-5aa51bac28b1","7.44","0","","","","","","","","","","","",""
"Order","Filled","","2026-05-21T14:27:43.260Z","","","","","","KXSOL15M-26MAY211030-30","f6a038df-97e8-4322-92d2-aa56fa7dfb3e","18.25","0","","","","","","","","","","","",""
"Order","Filled","","2026-05-21T14:22:12.358Z","","","","","","KXSOL15M-26MAY211030-30","f6a038df-97e8-4322-92d2-aa56fa7dfb3e","9.02","0","","","","","","","","","","","",""
"Order","Filled","","2026-05-21T14:18:52.780Z","","","","","","KXSOL15M-26MAY211030-30","f6a038df-97e8-4322-92d2-aa56fa7dfb3e","9.23","0","","","","","","","","","","","",""
"Order","Filled","","2026-05-21T13:49:42.123Z","","","","","","KXBTC15M-26MAY211000-00","e3d18b21-8cf1-4b8a-b06a-46657689c0bd","6.7","0","","","","","","","","","","","",""
"Order","Filled","","2026-05-21T13:29:23.773Z","","","","","","KXBTC15M-26MAY210930-30","0dbd4e43-9973-421f-8600-b0a6fe546230","16.44","0","","","","","","","","","","","",""
"Order","Filled","","2026-05-21T13:28:33.623Z","","","","","","KXBTC15M-26MAY210930-30","0dbd4e43-9973-421f-8600-b0a6fe546230","5.9","0","","","","","","","","","","","",""
"Order","Filled","","2026-05-21T13:27:39.911Z","","","","","","KXBTC15M-26MAY210930-30","0dbd4e43-9973-421f-8600-b0a6fe546230","3.52","0","","","","","","","","","","","",""
"Order","Filled","","2026-05-21T13:19:06.127Z","","","","","","KXBTC15M-26MAY210930-30","0dbd4e43-9973-421f-8600-b0a6fe546230","7.02","0","","","","","","","","","","","",""
"Order","Filled","","2026-05-21T12:29:11.099Z","","","","","","KXETH15M-26MAY210830-30","918e4c56-eed4-4399-9feb-bb69d44695c1","6.41","0","","","","","","","","","","","",""
"Order","Filled","","2026-05-21T12:25:20.890Z","","","","","","KXETH15M-26MAY210830-30","918e4c56-eed4-4399-9feb-bb69d44695c1","6.41","0","","","","","","","","","","","",""
"Order","Filled","","2026-05-21T11:38:10.060Z","","","","","","KXBTC15M-26MAY210745-45","86a105a3-2abd-47e8-8f9f-eb6646bf9cb5","12.29","0","","","","","","","","","","","",""
"Order","Filled","","2026-05-21T11:31:48.003Z","","","","","","KXBTC15M-26MAY210745-45","86a105a3-2abd-47e8-8f9f-eb6646bf9cb5","12.29","0","","","","","","","","","","","",""
"Order","Filled","","2026-05-21T11:12:10.872Z","","","","","","KXBTC15M-26MAY210715-15","4d30c942-07d7-467f-b034-f60418aa96c7","19.74","0","","","","","","","","","","","",""
"Order","Filled","","2026-05-21T11:11:45.165Z","","","","","","KXBTC15M-26MAY210715-15","4d30c942-07d7-467f-b034-f60418aa96c7","22.02","0","","","","","","","","","","","",""
"Order","Filled","","2026-05-21T10:25:35.622Z","","","","","","KXETH15M-26MAY210630-30","1d354a04-3d4c-48f5-a1f1-2b303fd59603","23.42","0","","","","","","","","","","","",""
"Order","Filled","","2026-05-21T10:21:06.569Z","","","","","","KXETH15M-26MAY210630-30","1d354a04-3d4c-48f5-a1f1-2b303fd59603","7.19","0","","","","","","","","","","","",""
"Order","Filled","","2026-05-21T09:59:08.750Z","","","","","","KXETH15M-26MAY210600-00","12bebf24-bc76-4503-8fc0-22fd3fbdaa29","13.66","0","","","","","","","","","","","",""
"Order","Filled","","2026-05-21T09:48:57.280Z","","","","","","KXETH15M-26MAY210600-00","12bebf24-bc76-4503-8fc0-22fd3fbdaa29","13.66","0","","","","","","","","","","","",""
"Order","Filled","","2026-05-21T09:29:12.704Z","","","","","","KXBTC15M-26MAY210530-30","44bc77b0-5b7b-4032-b121-9637b7d3215d","5.96","0","","","","","","","","","","","",""
"Order","Filled","","2026-05-21T09:26:54.720Z","","","","","","KXBTC15M-26MAY210530-30","44bc77b0-5b7b-4032-b121-9637b7d3215d","5.96","0","","","","","","","","","","","",""
"Order","Filled","","2026-05-21T09:14:38.936Z","","","","","","KXSOL15M-26MAY210515-15","86894396-7e40-40eb-adff-b498787091df","22.28","0","","","","","","","","","","","",""
"Order","Filled","","2026-05-21T09:11:11.455Z","","","","","","KXBTC15M-26MAY210515-15","acf0013a-661e-4013-afb7-33bdbf83a85f","10.93","0","","","","","","","","","","","",""
"Order","Filled","","2026-05-21T09:03:07.468Z","","","","","","KXBTC15M-26MAY210515-15","acf0013a-661e-4013-afb7-33bdbf83a85f","10.93","0","","","","","","","","","","","",""
"Order","Filled","","2026-05-21T00:59:47.288Z","","","","","","KXBTCD-26MAY2021-T77899.99","51d2c381-3a09-4edb-a4b2-048951ca0ad6","6.41","0","","","","","","","","","","","",""
"Order","Filled","","2026-05-21T00:58:24.362Z","","","","","","KXBTCD-26MAY2021-T77899.99","51d2c381-3a09-4edb-a4b2-048951ca0ad6","6.41","0","","","","","","","","","","","",""
"Order","Filled","","2026-05-20T20:13:51.523Z","","","","","","KXETH15M-26MAY201615-15","7f7501fe-b305-4c9e-b923-4a1420b4226b","8.19","0","","","","","","","","","","","",""
"Order","Filled","","2026-05-20T20:11:29.642Z","","","","","","KXETH15M-26MAY201615-15","7f7501fe-b305-4c9e-b923-4a1420b4226b","8.19","0","","","","","","","","","","","",""
"Order","Filled","","2026-05-20T20:10:50.914Z","","","","","","KXBTC15M-26MAY201615-15","a75786c6-855c-4c56-bae0-d0324189875f","13.53","0","","","","","","","","","","","",""
"Order","Filled","","2026-05-20T20:07:58.701Z","","","","","","KXBTC15M-26MAY201615-15","a75786c6-855c-4c56-bae0-d0324189875f","13.53","0","","","","","","","","","","","",""
"Order","Filled","","2026-05-20T19:57:06.250Z","","","","","","KXETH15M-26MAY201600-00","5c7325b8-9bbf-4ffb-9952-f6e6eff5ec07","16.01","0","","","","","","","","","","","",""
"Order","Filled","","2026-05-20T19:53:27.147Z","","","","","","KXETH15M-26MAY201600-00","5c7325b8-9bbf-4ffb-9952-f6e6eff5ec07","7.97","0","","","","","","","","","","","",""
"Order","Filled","","2026-05-20T18:39:54.534Z","","","","","","KXBTC15M-26MAY201445-45","f7a9a081-91f8-4282-a8d6-74796eb16227","8.94","0","","","","","","","","","","","",""
"Order","Filled","","2026-05-20T18:35:39.136Z","","","","","","KXBTC15M-26MAY201445-45","f7a9a081-91f8-4282-a8d6-74796eb16227","8.94","0","","","","","","","","","","","",""
"Order","Filled","","2026-05-20T17:22:10.879Z","","","","","","KXETH15M-26MAY201330-30","661f69a3-bf58-4876-80ad-21873e2ee8f9","10.47","0","","","","","","","","","","","",""
"Order","Filled","","2026-05-20T17:18:10.314Z","","","","","","KXETH15M-26MAY201330-30","661f69a3-bf58-4876-80ad-21873e2ee8f9","10.47","0","","","","","","","","","","","",""
"Order","Filled","","2026-05-20T17:13:45.463Z","","","","","","KXSOL15M-26MAY201315-15","11b20817-0a1b-44af-aac6-b86b31236656","8.13","0","","","","","","","","","","","",""
"Order","Filled","","2026-05-20T17:07:44.047Z","","","","","","KXSOL15M-26MAY201315-15","11b20817-0a1b-44af-aac6-b86b31236656","8.13","0","","","","","","","","","","","",""
"Order","Filled","","2026-05-20T16:59:56.374Z","","","","","","KXBTC15M-26MAY201300-00","34369afd-4b9d-485d-bc5a-4ff75a2e0318","46.79","0","","","","","","","","","","","",""
"Order","Filled","","2026-05-20T16:58:50.064Z","","","","","","KXBTCD-26MAY2013-T77199.99","0f5fac58-6133-4bc7-8f5e-c76fdd3ee739","10.5","0","","","","","","","","","","","",""
"Order","Filled","","2026-05-20T16:54:27.112Z","","","","","","KXBTCD-26MAY2013-T77199.99","0f5fac58-6133-4bc7-8f5e-c76fdd3ee739","6.15","0","","","","","","","","","","","",""
"Order","Filled","","2026-05-20T16:12:07.361Z","","","","","","KXETH15M-26MAY201215-15","fdd98789-7793-4031-bd95-bfc11bf32a11","8.22","0","","","","","","","","","","","",""
"Order","Filled","","2026-05-20T15:57:54.115Z","","","","","","KXSOL15M-26MAY201200-00","6a3165c9-0529-4314-ab3e-cd32cb21c9bb","7.6","0","","","","","","","","","","","",""
"Order","Filled","","2026-05-20T15:56:26.509Z","","","","","","KXBTCD-26MAY2012-T77499.99","91f2f66d-d393-4301-a429-1afeb8d15ecf","5.55","0","","","","","","","","","","","",""
"Order","Filled","","2026-05-20T15:49:30.108Z","","","","","","KXBTCD-26MAY2012-T77499.99","91f2f66d-d393-4301-a429-1afeb8d15ecf","4.18","0","","","","","","","","","","","",""
"Order","Filled","","2026-05-20T15:41:56.123Z","","","","","","KXSOL15M-26MAY201145-45","229add66-05d5-4a74-b67d-75a5692da341","23.72","0","","","","","","","","","","","",""
"Order","Filled","","2026-05-20T15:37:09.435Z","","","","","","KXSOL15M-26MAY201145-45","229add66-05d5-4a74-b67d-75a5692da341","4.18","0","","","","","","","","","","","",""
"Order","Filled","","2026-05-20T15:32:43.267Z","","","","","","KXSOL15M-26MAY201145-45","229add66-05d5-4a74-b67d-75a5692da341","6.03","0","","","","","","","","","","","",""
"Deposit","Applied","50","2026-05-20T15:18:38.913Z","","May 20, 2026 at 11:18:38 AM EDT","apm","0","","","","","","","","","","","","","","","","",""
"Order","Filled","","2026-05-20T10:56:11.346Z","","","","","","KXBTCD-26MAY2007-T77399.99","5ba77635-1d43-4641-bc85-198d900b9068","7.81","0","","","","","","","","","","","",""
"Order","Filled","","2026-05-20T10:55:39.866Z","","","","","","KXBTCD-26MAY2007-T77399.99","5ba77635-1d43-4641-bc85-198d900b9068","7.02","0","","","","","","","","","","","",""
"Order","Filled","","2026-05-20T10:41:42.437Z","","","","","","KXBTCD-26MAY2007-T77399.99","5ba77635-1d43-4641-bc85-198d900b9068","3.95","0","","","","","","","","","","","",""
"Order","Filled","","2026-05-20T10:27:04.301Z","","","","","","KXETH15M-26MAY200630-30","bae5b42e-4884-4d85-8288-267b03d54768","2.01","0","","","","","","","","","","","",""
"Order","Filled","","2026-05-20T10:25:11.220Z","","","","","","KXBTC15M-26MAY200630-30","4ebe3c07-c31f-4f8e-aeb6-7f5cf3ff2c95","2.23","0","","","","","","","","","","","",""
"Order","Filled","","2026-05-20T10:19:20.592Z","","","","","","KXBTC15M-26MAY200630-30","4ebe3c07-c31f-4f8e-aeb6-7f5cf3ff2c95","2.23","0","","","","","","","","","","","",""
"Order","Filled","","2026-05-20T10:14:00.723Z","","","","","","KXSOL15M-26MAY200615-15","80739ec8-92fd-477f-b118-6d5e45a72198","15.6","0","","","","","","","","","","","",""
"Order","Filled","","2026-05-20T09:59:34.819Z","","","","","","KXBTCD-26MAY2006-T77399.99","8543e325-0306-4276-9c15-c3c31a620ad4","18.75","0","","","","","","","","","","","",""
"Order","Filled","","2026-05-20T09:56:12.912Z","","","","","","KXBTCD-26MAY2006-T77399.99","8543e325-0306-4276-9c15-c3c31a620ad4","6.29","0","","","","","","","","","","","",""
"Order","Filled","","2026-05-20T09:54:30.397Z","","","","","","KXBTCD-26MAY2006-T77399.99","8543e325-0306-4276-9c15-c3c31a620ad4","8.37","0","","","","","","","","","","","",""
"Order","Filled","","2026-05-20T09:52:50.018Z","","","","","","KXBTCD-26MAY2006-T77399.99","8543e325-0306-4276-9c15-c3c31a620ad4","6.41","0","","","","","","","","","","","",""
"Order","Filled","","2026-05-20T09:52:26.244Z","","","","","","KXBTC15M-26MAY200600-00","a0592ecb-4535-451f-80e9-66ef63a3ba25","11.18","0","","","","","","","","","","","",""
"Order","Filled","","2026-05-20T09:49:25.562Z","","","","","","KXBTCD-26MAY2006-T77399.99","8543e325-0306-4276-9c15-c3c31a620ad4","6.41","0","","","","","","","","","","","",""
"Order","Filled","","2026-05-20T09:20:17.029Z","","","","","","KXBTC15M-26MAY200530-30","c438ae9f-11c0-4157-822f-e5a7fc861630","7.19","0","","","","","","","","","","","",""
"Order","Filled","","2026-05-20T09:18:29.430Z","","","","","","KXBTC15M-26MAY200530-30","c438ae9f-11c0-4157-822f-e5a7fc861630","7.19","0","","","","","","","","","","","",""
"Order","Filled","","2026-05-20T02:07:09.141Z","","","","","","KXBTC15M-26MAY192215-15","92c9545f-2b71-4e08-aaf7-74522d44594c","10.39","0","","","","","","","","","","","",""
"Order","Filled","","2026-05-20T01:55:59.676Z","","","","","","KXBTCD-26MAY1922-T76699.99","e8e30ac8-886e-4f0b-80d3-8339f01ab624","8.19","0","","","","","","","","","","","",""
"Deposit","Applied","16.12","2026-05-19T22:49:32.502Z","","May 19, 2026 at 6:49:32 PM EDT","crypto","0","","","","","","","","","","","","","","","","",""
"Order","Filled","","2026-05-19T22:46:01.277Z","","","","","","KXETH15M-26MAY191900-00","7272659e-3180-48e6-ad91-2e628ad21581","6.28","0","","","","","","","","","","","",""
"Order","Filled","","2026-05-19T22:38:43.708Z","","","","","","KXXRP15M-26MAY191845-45","2ba1b284-a5f9-4b94-949f-22f16b972a7f","13.66","0","","","","","","","","","","","",""
"Order","Filled","","2026-05-19T22:36:49.930Z","","","","","","KXXRP15M-26MAY191845-45","2ba1b284-a5f9-4b94-949f-22f16b972a7f","12.42","0","","","","","","","","","","","",""
"Order","Filled","","2026-05-19T22:22:11.335Z","","","","","","KXXRP15M-26MAY191830-30","23e748b2-8a07-43d5-b62a-d4fbe5b67794","10.5","0","","","","","","","","","","","",""
"Order","Filled","","2026-05-19T21:59:12.215Z","","","","","","KXBTC15M-26MAY191800-00","555c7c2f-f28b-4723-87dc-16c84b7fd397","15.22","0","","","","","","","","","","","",""
"Order","Filled","","2026-05-19T21:56:12.889Z","","","","","","KXBTCD-26MAY1918-T76899.99","6825ace0-817a-410e-a327-44ac8574ba7e","18.75","0","","","","","","","","","","","",""
"Order","Filled","","2026-05-19T21:53:47.461Z","","","","","","KXBTC15M-26MAY191800-00","555c7c2f-f28b-4723-87dc-16c84b7fd397","10.93","0","","","","","","","","","","","",""
"Order","Filled","","2026-05-19T21:50:16.877Z","","","","","","KXBTCD-26MAY1918-T76899.99","6825ace0-817a-410e-a327-44ac8574ba7e","6.73","0","","","","","","","","","","","",""
"Order","Filled","","2026-05-19T21:50:05.309Z","","","","","","KXBTCD-26MAY1918-T76899.99","6825ace0-817a-410e-a327-44ac8574ba7e","12.58","0","","","","","","","","","","","",""
"Order","Filled","","2026-05-19T21:46:12.726Z","","","","","","KXBTC15M-26MAY191800-00","555c7c2f-f28b-4723-87dc-16c84b7fd397","10.05","0","","","","","","","","","","","",""
"Order","Filled","","2026-05-19T21:43:00.402Z","","","","","","KXBTC15M-26MAY191745-45","81c3fd46-b4cb-4cd4-a070-ed4221d8fe4d","47.95","0","","","","","","","","","","","",""
"Order","Filled","","2026-05-19T21:42:39.498Z","","","","","","KXBTCD-26MAY1918-T76999.99","b2ff9722-c905-4d39-ac83-29eefbdb877b","15.38","0","","","","","","","","","","","",""
"Order","Filled","","2026-05-19T21:39:28.263Z","","","","","","KXBTCD-26MAY1918-T76999.99","b2ff9722-c905-4d39-ac83-29eefbdb877b","15.38","0","","","","","","","","","","","",""
"Order","Filled","","2026-05-19T21:18:18.764Z","","","","","","KXXRP15M-26MAY191730-30","abd3e3d9-20ed-4b3a-8c2f-1658412185c7","10.05","0","","","","","","","","","","","",""
"Order","Filled","","2026-05-19T21:16:29.593Z","","","","","","KXXRP15M-26MAY191730-30","abd3e3d9-20ed-4b3a-8c2f-1658412185c7","10.74","0","","","","","","","","","","","",""
"Order","Filled","","2026-05-19T21:09:55.544Z","","","","","","KXBTC15M-26MAY191715-15","45f852bd-3b09-4e31-a4b7-b1b96f5d7896","9.4","0","","","","","","","","","","","",""
"Order","Filled","","2026-05-19T21:04:46.767Z","","","","","","KXBTC15M-26MAY191715-15","45f852bd-3b09-4e31-a4b7-b1b96f5d7896","17.61","0","","","","","","","","","","","",""
"Order","Filled","","2026-05-19T13:50:14.444Z","","","","","","KXETH15M-26MAY191000-00","6220b77c-62d9-41cd-a2a4-f337b0796807","17.22","0","","","","","","","","","","","",""
"Order","Filled","","2026-05-19T12:11:27.545Z","","","","","","KXETH15M-26MAY190815-15","f98406aa-7c79-42bf-8fb4-dfea703d5c60","12.58","0","","","","","","","","","","","",""
"Order","Filled","","2026-05-19T11:42:19.869Z","","","","","","KXETH15M-26MAY190745-45","449a05a5-78bb-467f-8f5e-01626e3511d2","93.51","0","","","","","","","","","","","",""
"Order","Filled","","2026-05-19T11:39:29.840Z","","","","","","KXETH15M-26MAY190745-45","449a05a5-78bb-467f-8f5e-01626e3511d2","7.9","0","","","","","","","","","","","",""
"Order","Filled","","2026-05-19T11:37:58.015Z","","","","","","KXETH15M-26MAY190745-45","449a05a5-78bb-467f-8f5e-01626e3511d2","12.88","0","","","","","","","","","","","",""
"Order","Filled","","2026-05-19T07:46:44.068Z","","","","","","KXETH15M-26MAY190400-00","929bcb9e-6ce2-4054-ad9c-068dd7666c4d","9.3","0","","","","","","","","","","","",""
"Order","Filled","","2026-05-18T22:54:45.369Z","","","","","","KXBTCD-26MAY1819-T76999.99","e9cf31fa-76a0-4732-a596-1fed3df92fc8","8.94","0","","","","","","","","","","","",""
"Order","Filled","","2026-05-18T22:09:22.887Z","","","","","","KXBTC15M-26MAY181815-15","e63bbdfe-af71-4b21-8073-3721767ee6c7","13.14","0","","","","","","","","","","","",""
"Order","Filled","","2026-05-18T20:40:32.064Z","","","","","","KXETH15M-26MAY181645-45","1ae79fcb-a419-47dd-955a-dc6bf06a791b","32.37","0","","","","","","","","","","","",""
"Order","Filled","","2026-05-18T18:58:42.390Z","","","","","","KXBTC15M-26MAY181500-00","c8c4c9e8-0615-4f70-90c7-5159c4b01b40","14.47","0","","","","","","","","","","","",""
"Order","Filled","","2026-05-18T18:47:28.234Z","","","","","","KXBTC15M-26MAY181500-00","c8c4c9e8-0615-4f70-90c7-5159c4b01b40","14.47","0","","","","","","","","","","","",""
"Order","Filled","","2026-05-18T18:09:04.898Z","","","","","","KXETH15M-26MAY181415-15","d9762785-30e7-444f-9d4d-4e89d7a6d79a","32.18","0","","","","","","","","","","","",""
"Order","Filled","","2026-05-18T17:58:52.511Z","","","","","","KXETH15M-26MAY181400-00","e86bbb8f-4b91-42e0-a055-ff86a4feb69c","11.3","0","","","","","","","","","","","",""
"Order","Filled","","2026-05-18T17:58:22.120Z","","","","","","KXETH15M-26MAY181400-00","e86bbb8f-4b91-42e0-a055-ff86a4feb69c","10.57","0","","","","","","","","","","","",""
"Order","Filled","","2026-05-18T16:55:27.541Z","","","","","","KXBTC15M-26MAY181300-00","576c90b8-35fd-44e5-82e2-9433bacc251c","4.79","0","","","","","","","","","","","",""
"Order","Filled","","2026-05-18T16:52:08.476Z","","","","","","KXBTC15M-26MAY181300-00","576c90b8-35fd-44e5-82e2-9433bacc251c","8.37","0","","","","","","","","","","","",""
"Order","Filled","","2026-05-18T16:41:15.261Z","","","","","","KXETH15M-26MAY181245-45","1b16983d-5a03-442c-baf3-9bd4fb775206","14.26","0","","","","","","","","","","","",""
"Order","Filled","","2026-05-18T16:40:12.382Z","","","","","","KXETH15M-26MAY181245-45","1b16983d-5a03-442c-baf3-9bd4fb775206","6.29","0","","","","","","","","","","","",""
"Order","Filled","","2026-05-18T16:39:32.296Z","","","","","","KXETH15M-26MAY181245-45","1b16983d-5a03-442c-baf3-9bd4fb775206","15.2","0","","","","","","","","","","","",""
"Order","Filled","","2026-05-18T14:27:12.202Z","","","","","","KXBTC15M-26MAY181030-30","aa96f36a-e37f-42dc-9172-4e0fe58ad574","8.94","0","","","","","","","","","","","",""
"Withdrawal","Applied","18.71","2026-05-18T11:24:34.157Z","","May 18, 2026 at 7:24:34 AM EDT","","NaN","","","","","","","","","","","","","","","","",""
"Order","Filled","","2026-05-18T04:59:02.284Z","","","","","","KXBTC15M-26MAY180100-00","41f3579c-cc63-4e0e-be0e-fb2c8af4c840","11.76","0","","","","","","","","","","","",""
"Order","Filled","","2026-05-18T04:54:55.688Z","","","","","","KXBTC15M-26MAY180100-00","41f3579c-cc63-4e0e-be0e-fb2c8af4c840","11.76","0","","","","","","","","","","","",""
"Order","Filled","","2026-05-18T01:54:51.824Z","","","","","","KXSOL15M-26MAY172200-00","5de46afe-fc75-418f-be8d-186521cd9d7a","11.13","0","","","","","","","","","","","",""
"Order","Filled","","2026-05-18T01:50:41.078Z","","","","","","KXSOL15M-26MAY172200-00","5de46afe-fc75-418f-be8d-186521cd9d7a","11.13","0","","","","","","","","","","","",""
"Order","Filled","","2026-05-18T01:44:30.344Z","","","","","","KXETH15M-26MAY172145-45","b48463d3-0462-4ee7-b1c6-6ecaa1677670","7.97","0","","","","","","","","","","","",""
"Order","Filled","","2026-05-18T01:40:56.046Z","","","","","","KXETH15M-26MAY172145-45","b48463d3-0462-4ee7-b1c6-6ecaa1677670","7.97","0","","","","","","","","","","","",""
"Order","Filled","","2026-05-18T00:57:45.716Z","","","","","","KXETH15M-26MAY172100-00","86fae244-2996-4a92-ba68-818cb1f9911f","36.01","0","","","","","","","","","","","",""
"Order","Filled","","2026-05-17T18:55:34.805Z","","","","","","KXETH15M-26MAY171500-00","af5145ff-302b-42ac-9f65-cbfff7cc9379","4.79","0","","","","","","","","","","","",""
"Order","Filled","","2026-05-17T18:48:37.082Z","","","","","","KXETH15M-26MAY171500-00","af5145ff-302b-42ac-9f65-cbfff7cc9379","4.79","0","","","","","","","","","","","",""
"Order","Filled","","2026-05-17T18:48:10.709Z","","","","","","KXBTC15M-26MAY171500-00","9a365720-de33-4d5b-8dd0-77e44d82a140","4.68","0","","","","","","","","","","","",""
"Order","Filled","","2026-05-17T01:58:45.721Z","","","","","","KXBTC15M-26MAY162200-00","7f3e3e3c-1aff-4722-9219-f301c0f46d9a","33.89","0","","","","","","","","","","","",""
"Order","Filled","","2026-05-17T01:56:05.644Z","","","","","","KXBTC15M-26MAY162200-00","7f3e3e3c-1aff-4722-9219-f301c0f46d9a","26.58","0","","","","","","","","","","","",""
"Order","Filled","","2026-05-17T01:53:25.311Z","","","","","","KXETH15M-26MAY162200-00","cc6b4918-1844-4893-b0c3-b0e91ba586ce","9.55","0","","","","","","","","","","","",""
"Order","Filled","","2026-05-17T01:50:21.990Z","","","","","","KXETH15M-26MAY162200-00","cc6b4918-1844-4893-b0c3-b0e91ba586ce","6.57","0","","","","","","","","","","","",""
"Order","Filled","","2026-05-17T01:47:17.437Z","","","","","","KXBTC15M-26MAY162200-00","7f3e3e3c-1aff-4722-9219-f301c0f46d9a","7.31","0","","","","","","","","","","","",""
"Order","Filled","","2026-05-17T01:40:53.297Z","","","","","","KXBTC15M-26MAY162145-45","285ec67b-350b-42d2-87d7-04d7470cc67c","6.92","0","","","","","","","","","","","",""
"Order","Filled","","2026-05-17T01:34:47.434Z","","","","","","KXBTC15M-26MAY162145-45","285ec67b-350b-42d2-87d7-04d7470cc67c","6.92","0","","","","","","","","","","","",""
"Order","Filled","","2026-05-16T22:24:11.171Z","","","","","","KXBTC15M-26MAY161830-30","c6972b81-4154-4d2d-8570-f4ab415aa900","9.52","0","","","","","","","","","","","",""
"Order","Filled","","2026-05-16T22:17:21.978Z","","","","","","KXBTC15M-26MAY161830-30","c6972b81-4154-4d2d-8570-f4ab415aa900","9.52","0","","","","","","","","","","","",""
"Order","Filled","","2026-05-16T19:14:16.809Z","","","","","","KXETH15M-26MAY161515-15","b5d79c04-e20a-4d6a-aa03-199651eb920a","45.57","0","","","","","","","","","","","",""
"Order","Filled","","2026-05-16T19:12:18.336Z","","","","","","KXETH15M-26MAY161515-15","b5d79c04-e20a-4d6a-aa03-199651eb920a","9.46","0","","","","","","","","","","","",""
"Order","Filled","","2026-05-16T19:07:06.627Z","","","","","","KXETH15M-26MAY161515-15","b5d79c04-e20a-4d6a-aa03-199651eb920a","8.94","0","","","","","","","","","","","",""
"Order","Filled","","2026-05-16T19:04:30.904Z","","","","","","KXETH15M-26MAY161515-15","b5d79c04-e20a-4d6a-aa03-199651eb920a","10.25","0","","","","","","","","","","","",""
"Order","Filled","","2026-05-16T18:25:44.704Z","","","","","","KXETH15M-26MAY161430-30","d228b1a3-06ba-47d7-b044-186fa3b8b277","16.01","0","","","","","","","","","","","",""
"Order","Filled","","2026-05-16T17:59:21.420Z","","","","","","KXETH15M-26MAY161400-00","27d93642-36f4-4a4e-92f2-d7f32ab2ca25","22.47","0","","","","","","","","","","","",""
"Order","Filled","","2026-05-16T17:54:16.647Z","","","","","","KXETH15M-26MAY161400-00","27d93642-36f4-4a4e-92f2-d7f32ab2ca25","15.13","0","","","","","","","","","","","",""
"Order","Filled","","2026-05-16T17:52:18.837Z","","","","","","KXBTC15M-26MAY161400-00","3a9df929-9dfd-45ce-87fd-dca46a0572d7","11.11","0","","","","","","","","","","","",""
"Order","Filled","","2026-05-16T13:28:27.083Z","","","","","","KXBTC15M-26MAY160930-30","81c02cf5-1746-4772-9c52-3c07f855bafe","4.73","0","","","","","","","","","","","",""
"Order","Filled","","2026-05-16T13:26:56.091Z","","","","","","KXBTC15M-26MAY160930-30","81c02cf5-1746-4772-9c52-3c07f855bafe","9.23","0","","","","","","","","","","","",""
"Order","Filled","","2026-05-16T11:28:47.110Z","","","","","","KXXRP15M-26MAY160730-30","b4eaa719-0aaa-4d53-bd9d-5b8a0f7c1b13","6.56","0","","","","","","","","","","","",""
"Order","Filled","","2026-05-16T11:26:26.474Z","","","","","","KXXRP15M-26MAY160730-30","b4eaa719-0aaa-4d53-bd9d-5b8a0f7c1b13","6.56","0","","","","","","","","","","","",""
"Order","Filled","","2026-05-16T09:58:02.657Z","","","","","","KXBTC15M-26MAY160600-00","015416a9-d05b-41f6-9016-c437f31f5db2","6.28","0","","","","","","","","","","","",""
"Order","Filled","","2026-05-16T09:55:06.277Z","","","","","","KXBTC15M-26MAY160600-00","015416a9-d05b-41f6-9016-c437f31f5db2","6.28","0","","","","","","","","","","","",""
"Order","Filled","","2026-05-16T09:40:11.488Z","","","","","","KXSOL15M-26MAY160545-45","3ffc4569-fabc-40af-9929-569454533336","24.41","0","","","","","","","","","","","",""
"Order","Filled","","2026-05-16T07:28:06.210Z","","","","","","KXETH15M-26MAY160330-30","ee7658b6-09fb-401a-8c3d-ac25532fab6b","12.93","0","","","","","","","","","","","",""
"Order","Filled","","2026-05-16T07:19:42.356Z","","","","","","KXBTC15M-26MAY160330-30","869bbf62-9a06-4ff5-a71a-a0a4704eb902","8.19","0","","","","","","","","","","","",""
"Order","Filled","","2026-05-15T22:29:43.305Z","","","","","","KXBTC15M-26MAY151830-30","2b00dd57-6a65-4450-8936-bae0359a32db","22","0","","","","","","","","","","","",""
"Order","Filled","","2026-05-15T22:20:26.952Z","","","","","","KXBTC15M-26MAY151830-30","2b00dd57-6a65-4450-8936-bae0359a32db","7.97","0","","","","","","","","","","","",""
"Order","Filled","","2026-05-15T19:59:41.443Z","","","","","","KXETH15M-26MAY151600-00","01dbc1e6-711b-4703-a571-6adbd9a5b737","9.59","0","","","","","","","","","","","",""
"Order","Filled","","2026-05-15T19:58:28.514Z","","","","","","KXETH15M-26MAY151600-00","01dbc1e6-711b-4703-a571-6adbd9a5b737","9.59","0","","","","","","","","","","","",""
"Order","Filled","","2026-05-15T19:42:25.569Z","","","","","","KXETH15M-26MAY151545-45","9940cac5-8ad3-4747-a79b-a348bc6f437c","12.61","0","","","","","","","","","","","",""
"Order","Filled","","2026-05-15T19:24:11.659Z","","","","","","KXBTC15M-26MAY151530-30","9c0cbad9-4bd5-44ad-83af-7bda00f4f190","9.02","0","","","","","","","","","","","",""
"Order","Filled","","2026-05-15T19:19:27.981Z","","","","","","KXBTC15M-26MAY151530-30","9c0cbad9-4bd5-44ad-83af-7bda00f4f190","7.02","0","","","","","","","","","","","",""
"Order","Filled","","2026-05-15T17:18:39.941Z","","","","","","KXETH15M-26MAY151330-30","ad472617-9fbd-41d4-ad0d-411c0ff10405","9.18","0","","","","","","","","","","","",""
"Order","Filled","","2026-05-15T16:14:12.503Z","","","","","","KXBTC15M-26MAY151215-15","4f3b0dd6-6f88-4c22-8456-1d0b868e1203","12.61","0","","","","","","","","","","","",""
"Order","Filled","","2026-05-15T16:12:41.726Z","","","","","","KXBTC15M-26MAY151215-15","4f3b0dd6-6f88-4c22-8456-1d0b868e1203","12.61","0","","","","","","","","","","","",""
"Order","Filled","","2026-05-15T15:14:17.309Z","","","","","","KXETH15M-26MAY151115-15","ff268d38-86af-4f07-9033-e6c2693d8d02","14.42","0","","","","","","","","","","","",""
"Order","Filled","","2026-05-15T14:43:53.913Z","","","","","","KXETH15M-26MAY151045-45","14f8f699-3ad7-4a3c-b457-c1f7d5d10da0","14.5","0","","","","","","","","","","","",""
"Order","Filled","","2026-05-15T14:41:20.497Z","","","","","","KXBTC15M-26MAY151045-45","29342cc9-cfac-4b61-9e54-ccecfc888492","8.55","0","","","","","","","","","","","",""
"Order","Filled","","2026-05-15T14:39:09.027Z","","","","","","KXBTC15M-26MAY151045-45","29342cc9-cfac-4b61-9e54-ccecfc888492","12.93","0","","","","","","","","","","","",""
"Order","Filled","","2026-05-15T14:26:14.381Z","","","","","","KXETH15M-26MAY151030-30","c450eddb-ef49-4a9e-b161-a855706c377b","16.01","0","","","","","","","","","","","",""
"Order","Filled","","2026-05-15T14:22:33.189Z","","","","","","KXETH15M-26MAY151030-30","c450eddb-ef49-4a9e-b161-a855706c377b","16.01","0","","","","","","","","","","","",""
"Order","Filled","","2026-05-15T14:11:11.843Z","","","","","","KXETH15M-26MAY151015-15","1d56b1ef-58e9-4206-8389-d7bef7961373","9.42","0","","","","","","","","","","","",""
"Order","Filled","","2026-05-15T14:10:02.861Z","","","","","","KXBTC15M-26MAY151015-15","478d7fec-1321-4189-9e17-47d7a9343031","9.4","0","","","","","","","","","","","",""
"Order","Filled","","2026-05-15T14:07:31.803Z","","","","","","KXBTC15M-26MAY151015-15","478d7fec-1321-4189-9e17-47d7a9343031","6.77","0","","","","","","","","","","","",""
"Order","Filled","","2026-05-15T14:03:28.331Z","","","","","","KXBTC15M-26MAY151015-15","478d7fec-1321-4189-9e17-47d7a9343031","9.23","0","","","","","","","","","","","",""
"Order","Filled","","2026-05-15T13:58:11.588Z","","","","","","KXBTCD-26MAY1510-T78699.99","a981e30f-602b-4852-ab35-64cc7af5da4c","6.15","0","","","","","","","","","","","",""
"Order","Filled","","2026-05-15T13:53:19.141Z","","","","","","KXETH15M-26MAY151000-00","bf8c4c61-d087-489b-bad5-0ca868022220","11.81","0","","","","","","","","","","","",""
"Order","Filled","","2026-05-15T13:48:57.946Z","","","","","","KXETH15M-26MAY151000-00","bf8c4c61-d087-489b-bad5-0ca868022220","11.81","0","","","","","","","","","","","",""
"Order","Filled","","2026-05-15T12:26:59.001Z","","","","","","KXBTC15M-26MAY150830-30","5f58a961-9106-412d-9ca3-9dc1992c1540","17.11","0","","","","","","","","","","","",""
"Withdrawal","Applied","1","2026-05-15T10:25:57.661Z","","May 15, 2026 at 6:25:57 AM EDT","","NaN","","","","","","","","","","","","","","","","",""
"Withdrawal","Applied","10","2026-05-15T10:10:56.805Z","","May 15, 2026 at 6:10:56 AM EDT","","NaN","","","","","","","","","","","","","","","","",""
"Withdrawal","Failed","11","2026-05-15T10:06:14.680Z","","May 15, 2026 at 6:06:14 AM EDT","","NaN","","","","","","","","","","","","","","","","",""
"Order","Filled","","2026-05-15T06:39:36.601Z","","","","","","KXETH15M-26MAY150245-45","fc5fbb96-dc42-4903-952f-b2e9baad9cd7","9.68","0","","","","","","","","","","","",""
"Order","Filled","","2026-05-15T06:37:06.700Z","","","","","","KXETH15M-26MAY150245-45","fc5fbb96-dc42-4903-952f-b2e9baad9cd7","14.33","0","","","","","","","","","","","",""
"Order","Filled","","2026-05-15T06:24:29.187Z","","","","","","KXBTC15M-26MAY150230-30","20eddf89-c086-4224-9f6f-e58ae1e8888b","12.29","0","","","","","","","","","","","",""
"Order","Filled","","2026-05-15T06:22:22.278Z","","","","","","KXETH15M-26MAY150230-30","2bdd40f7-2a17-4f53-8b70-9492ea8508d0","15.76","0","","","","","","","","","","","",""
"Order","Filled","","2026-05-15T06:11:42.806Z","","","","","","KXBTC15M-26MAY150215-15","b13b591b-fd48-40cf-b66d-5157bffe781b","49.68","0","","","","","","","","","","","",""
"Order","Filled","","2026-05-15T05:56:30.531Z","","","","","","KXETH15M-26MAY150200-00","22c2ec35-da21-48f2-b6b2-3d4bf84ed79a","8.37","0","","","","","","","","","","","",""
"Order","Filled","","2026-05-15T05:26:37.858Z","","","","","","KXETH15M-26MAY150130-30","a7f8b28a-2d7e-4291-bdd1-3c9fc5c63aeb","20.41","0","","","","","","","","","","","",""
"Order","Filled","","2026-05-15T05:25:23.260Z","","","","","","KXETH15M-26MAY150130-30","a7f8b28a-2d7e-4291-bdd1-3c9fc5c63aeb","9.23","0","","","","","","","","","","","",""
"Order","Filled","","2026-05-15T05:21:33.237Z","","","","","","KXETH15M-26MAY150130-30","a7f8b28a-2d7e-4291-bdd1-3c9fc5c63aeb","11.18","0","","","","","","","","","","","",""
"Order","Filled","","2026-05-15T05:05:51.161Z","","","","","","KXETH15M-26MAY150115-15","2c5c2f6c-120d-4c71-b811-966041cadeed","7.97","0","","","","","","","","","","","",""
"Order","Filled","","2026-05-15T04:22:51.408Z","","","","","","KXBTC15M-26MAY150030-30","b33b2d44-c51e-48e6-8f5c-c2fb6c6e1038","13.29","0","","","","","","","","","","","",""
"Order","Filled","","2026-05-15T04:21:03.902Z","","","","","","KXBTC15M-26MAY150030-30","b33b2d44-c51e-48e6-8f5c-c2fb6c6e1038","13.29","0","","","","","","","","","","","",""
"Order","Filled","","2026-05-15T03:53:26.368Z","","","","","","KXETH15M-26MAY150000-00","edc4c56f-36e4-48e4-9fbd-2e28ffd1685d","7.31","0","","","","","","","","","","","",""
"Order","Filled","","2026-05-15T03:51:22.637Z","","","","","","KXETH15M-26MAY150000-00","edc4c56f-36e4-48e4-9fbd-2e28ffd1685d","9.94","0","","","","","","","","","","","",""
"Order","Filled","","2026-05-15T03:03:05.936Z","","","","","","KXETH15M-26MAY142315-15","1c767fe0-a6b5-4c0d-a1a2-1f21a7db1364","11.03","0","","","","","","","","","","","",""
"Order","Filled","","2026-05-15T03:01:58.097Z","","","","","","KXETH15M-26MAY142315-15","1c767fe0-a6b5-4c0d-a1a2-1f21a7db1364","11.03","0","","","","","","","","","","","",""
"Order","Filled","","2026-05-15T02:51:11.797Z","","","","","","KXBTC15M-26MAY142300-00","520c0304-47ae-4811-a91c-fcf6e702e3e2","7.19","0","","","","","","","","","","","",""
"Order","Filled","","2026-05-15T02:39:38.820Z","","","","","","KXETH15M-26MAY142245-45","86571be9-8937-4a52-a986-62a0be9213ce","10.5","0","","","","","","","","","","","",""
"Order","Filled","","2026-05-15T02:23:23.922Z","","","","","","KXBTC15M-26MAY142230-30","2b6cb5fd-01e3-4609-89c9-b7558373bc67","6.86","0","","","","","","","","","","","",""
"Order","Filled","","2026-05-15T01:22:29.221Z","","","","","","KXBTC15M-26MAY142130-30","aaa33fab-ce6b-43c4-bbd4-76ca27557ce3","12.58","0","","","","","","","","","","","",""
"Order","Filled","","2026-05-15T01:20:27.466Z","","","","","","KXBTC15M-26MAY142130-30","aaa33fab-ce6b-43c4-bbd4-76ca27557ce3","18.3","0","","","","","","","","","","","",""
"Order","Filled","","2026-05-14T21:28:07.747Z","","","","","","KXETH15M-26MAY141730-30","dd5d2c34-6cbf-4b95-9e2d-920441d25426","7.76","0","","","","","","","","","","","",""
"Order","Filled","","2026-05-14T18:55:20.182Z","","","","","","KXBTC15M-26MAY141500-00","19e63186-dc10-4216-a19b-04cf82d1ee3b","5.17","0","","","","","","","","","","","",""
"Order","Filled","","2026-05-14T18:52:54.179Z","","","","","","KXBTC15M-26MAY141500-00","19e63186-dc10-4216-a19b-04cf82d1ee3b","5.17","0","","","","","","","","","","","",""
"Order","Filled","","2026-05-14T16:59:14.073Z","","","","","","KXBTC15M-26MAY141300-00","3d48f45a-2a53-44cd-b943-e93fef652fb4","14.5","0","","","","","","","","","","","",""
"Order","Filled","","2026-05-14T16:57:54.330Z","","","","","","KXBTC15M-26MAY141300-00","3d48f45a-2a53-44cd-b943-e93fef652fb4","14.5","0","","","","","","","","","","","",""
"Order","Filled","","2026-05-14T16:26:59.126Z","","","","","","KXXRP15M-26MAY141230-30","a42c6237-3366-48d0-addd-6e5719c3c811","8.25","0","","","","","","","","","","","",""
"Order","Filled","","2026-05-14T16:26:32.491Z","","","","","","KXSOL15M-26MAY141230-30","4e17541c-8439-49db-9e41-a877a1174c7c","13.48","0","","","","","","","","","","","",""
"Deposit","Applied","33.75","2026-05-14T16:05:04.790Z","","May 14, 2026 at 12:05:04 PM EDT","apm","0","","","","","","","","","","","","","","","","",""
"Order","Filled","","2026-05-14T14:14:54.959Z","","","","","","KXBTC15M-26MAY141015-15","0e91e444-badb-4f35-a2f3-af257bdc66b8","925.4","0","","","","","","","","","","","",""
"Order","Filled","","2026-05-14T13:38:56.145Z","","","","","","KXBTC15M-26MAY140945-45","0f06d9b3-6a14-4f05-8440-64f253f45d56","9.53","0","","","","","","","","","","","",""
"Withdrawal","Applied","1.5","2026-05-14T10:36:16.236Z","","May 14, 2026 at 6:36:16 AM EDT","","NaN","","","","","","","","","","","","","","","","",""
"Order","Filled","","2026-05-14T01:25:53.981Z","","","","","","KXETH15M-26MAY132130-30","adc0fc14-bec2-49c1-8d60-8485a1a7fdca","4.91","0","","","","","","","","","","","",""
"Order","Filled","","2026-05-14T01:22:21.378Z","","","","","","KXETH15M-26MAY132130-30","adc0fc14-bec2-49c1-8d60-8485a1a7fdca","20.26","0","","","","","","","","","","","",""
"Order","Filled","","2026-05-14T01:12:36.459Z","","","","","","KXETH15M-26MAY132115-15","0ef205c9-7208-47bc-95c7-eac90efa4fb5","7.04","0","","","","","","","","","","","",""
"Order","Filled","","2026-05-14T01:10:52.868Z","","","","","","KXETH15M-26MAY132115-15","0ef205c9-7208-47bc-95c7-eac90efa4fb5","8.21","0","","","","","","","","","","","",""
"Order","Filled","","2026-05-14T01:06:47.720Z","","","","","","KXSOL15M-26MAY132115-15","03b50d42-d106-41c8-9250-3ac7ef4e9a7a","8.1","0","","","","","","","","","","","",""
"Order","Filled","","2026-05-14T00:53:11.319Z","","","","","","KXBTC15M-26MAY132100-00","2e147c67-7ca0-4c70-9a65-f0601aafd5d2","6.15","0","","","","","","","","","","","",""
"Order","Filled","","2026-05-14T00:51:48.469Z","","","","","","KXBTC15M-26MAY132100-00","2e147c67-7ca0-4c70-9a65-f0601aafd5d2","7.56","0","","","","","","","","","","","",""
"Order","Filled","","2026-05-13T20:59:15.510Z","","","","","","KXETH15M-26MAY131700-00","d05eeeed-ea6f-476d-836c-e98ca18e7174","7.48","0","","","","","","","","","","","",""
"Order","Filled","","2026-05-13T20:57:52.055Z","","","","","","KXBTC15M-26MAY131700-00","cf189494-c6ac-4919-8d89-b04b2a0312b2","10.7","0","","","","","","","","","","","",""
"Order","Filled","","2026-05-13T20:52:54.082Z","","","","","","KXETH15M-26MAY131700-00","d05eeeed-ea6f-476d-836c-e98ca18e7174","7.48","0","","","","","","","","","","","",""
"Order","Filled","","2026-05-13T20:52:07.611Z","","","","","","KXBTC15M-26MAY131700-00","cf189494-c6ac-4919-8d89-b04b2a0312b2","7.57","0","","","","","","","","","","","",""
"Order","Filled","","2026-05-13T20:50:40.151Z","","","","","","KXBTC15M-26MAY131700-00","cf189494-c6ac-4919-8d89-b04b2a0312b2","9.05","0","","","","","","","","","","","",""
"Withdrawal","Applied","2","2026-05-13T18:53:03.667Z","","May 13, 2026 at 2:53:03 PM EDT","","NaN","","","","","","","","","","","","","","","","",""
"Order","Filled","","2026-05-13T17:55:15.465Z","","","","","","KXETH15M-26MAY131400-00","2d99036f-4a7b-4a0f-88e8-13cd25356e27","12.16","0","","","","","","","","","","","",""
"Order","Filled","","2026-05-13T17:54:04.897Z","","","","","","KXETH15M-26MAY131400-00","2d99036f-4a7b-4a0f-88e8-13cd25356e27","12.05","0","","","","","","","","","","","",""
"Order","Filled","","2026-05-13T17:51:50.838Z","","","","","","KXETH15M-26MAY131400-00","2d99036f-4a7b-4a0f-88e8-13cd25356e27","7.58","0","","","","","","","","","","","",""
"Order","Filled","","2026-05-13T17:50:03.316Z","","","","","","KXETH15M-26MAY131400-00","2d99036f-4a7b-4a0f-88e8-13cd25356e27","7.58","0","","","","","","","","","","","",""
"Order","Filled","","2026-05-13T17:37:34.447Z","","","","","","KXETH15M-26MAY131345-45","ed281d1d-720b-45de-87ff-0ae76cc2b28c","9.23","0","","","","","","","","","","","",""
"Order","Filled","","2026-05-13T17:36:46.669Z","","","","","","KXETH15M-26MAY131345-45","ed281d1d-720b-45de-87ff-0ae76cc2b28c","9.85","0","","","","","","","","","","","",""
"Order","Filled","","2026-05-13T16:38:30.071Z","","","","","","KXBTC15M-26MAY131245-45","de70c57a-0457-472b-9eb5-bb0278d04202","16.67","0","","","","","","","","","","","",""
"Order","Filled","","2026-05-13T16:23:17.823Z","","","","","","KXETH15M-26MAY131230-30","7d4e5c98-3bc9-4629-b370-179bc8557ec1","5.65","0","","","","","","","","","","","",""
"Order","Filled","","2026-05-13T16:22:53.124Z","","","","","","KXBTC15M-26MAY131230-30","dd4703b4-68bf-488d-8e40-1806209b37b5","19.92","0","","","","","","","","","","","",""
"Order","Filled","","2026-05-13T16:13:13.284Z","","","","","","KXBTC15M-26MAY131215-15","ae89db13-b034-43df-9bb9-62424bc6580e","12.61","0","","","","","","","","","","","",""
"Order","Filled","","2026-05-13T15:04:46.876Z","","","","","","KXSOL15M-26MAY131115-15","3b0e78e9-3ca7-43f9-84b5-2d110bc7b897","7.02","0","","","","","","","","","","","",""
"Order","Filled","","2026-05-13T14:56:34.662Z","","","","","","KXBTC15M-26MAY131100-00","7e273fac-a6ae-4ca4-9af8-159a8de24389","5.68","0","","","","","","","","","","","",""
"Order","Filled","","2026-05-13T14:55:54.571Z","","","","","","KXETH15M-26MAY131100-00","90d821a3-d203-44cc-9086-4e460f155222","7.19","0","","","","","","","","","","","",""
"Credit","Applied","0.01","2026-05-13T11:47:22.127Z","","","","","","","","","","","","","","","","","","","Volume Incentive for event KXETH15M-26MAY121200","incentive",""
"Credit","Applied","0.03","2026-05-13T11:46:56.662Z","","","","","","","","","","","","","","","","","","","Volume Incentive for event KXETH15M-26MAY121215","incentive",""
"Credit","Applied","0.06","2026-05-13T11:46:25.943Z","","","","","","","","","","","","","","","","","","","Volume Incentive for event KXETH15M-26MAY121015","incentive",""
"Credit","Applied","0.03","2026-05-13T11:46:10.520Z","","","","","","","","","","","","","","","","","","","Volume Incentive for event KXETH15M-26MAY121115","incentive",""
"Credit","Applied","0.16","2026-05-13T11:45:28.911Z","","","","","","","","","","","","","","","","","","","Volume Incentive for event KXETH15M-26MAY121145","incentive",""
"Order","Filled","","2026-05-13T11:43:05.247Z","","","","","","KXBTC15M-26MAY130745-45","09a3787f-6d5f-4e5a-be02-4679be7521f4","1.09","0","","","","","","","","","","","",""
"Order","Filled","","2026-05-13T11:42:39.293Z","","","","","","KXBTC15M-26MAY130745-45","09a3787f-6d5f-4e5a-be02-4679be7521f4","84.17","0","","","","","","","","","","","",""
"Order","Filled","","2026-05-13T11:41:58.976Z","","","","","","KXBTC15M-26MAY130745-45","09a3787f-6d5f-4e5a-be02-4679be7521f4","84.17","0","","","","","","","","","","","",""
"Order","Filled","","2026-05-13T07:25:30.267Z","","","","","","KXETH15M-26MAY130330-30","2f0cbdad-c02b-4b8b-bcc4-c853c27fd989","38.86","0","","","","","","","","","","","",""
"Order","Filled","","2026-05-13T07:25:14.498Z","","","","","","KXETH15M-26MAY130330-30","2f0cbdad-c02b-4b8b-bcc4-c853c27fd989","24.41","0","","","","","","","","","","","",""
"Order","Filled","","2026-05-13T07:14:04.443Z","","","","","","KXETH15M-26MAY130315-15","869e809b-9897-45aa-b96f-b7228e14e741","23.29","0","","","","","","","","","","","",""
"Order","Filled","","2026-05-13T07:09:53.871Z","","","","","","KXETH15M-26MAY130315-15","869e809b-9897-45aa-b96f-b7228e14e741","8.35","0","","","","","","","","","","","",""
"Order","Filled","","2026-05-13T02:56:45.165Z","","","","","","KXETH15M-26MAY122300-00","0e78b608-8cf3-4c99-996c-02feffdbeda3","10.3","0","","","","","","","","","","","",""
"Order","Filled","","2026-05-13T02:48:17.669Z","","","","","","KXETH15M-26MAY122300-00","0e78b608-8cf3-4c99-996c-02feffdbeda3","8.19","0","","","","","","","","","","","",""
"Order","Filled","","2026-05-13T01:38:09.706Z","","","","","","KXBTC15M-26MAY122145-45","ee3311be-dd91-4723-99fd-f9cb7fa9b5e2","7.37","0","","","","","","","","","","","",""
"Order","Filled","","2026-05-12T23:26:09.307Z","","","","","","KXETH15M-26MAY121930-30","ac1a1e5f-d906-4a48-8986-bf719fdda196","10.01","0","","","","","","","","","","","",""
"Order","Filled","","2026-05-12T23:23:43.911Z","","","","","","KXETH15M-26MAY121930-30","ac1a1e5f-d906-4a48-8986-bf719fdda196","6.68","0","","","","","","","","","","","",""
"Order","Filled","","2026-05-12T22:28:30.224Z","","","","","","KXBTC15M-26MAY121830-30","1fe39911-546c-4b71-ae1c-63597a029630","10.5","0","","","","","","","","","","","",""
"Order","Filled","","2026-05-12T17:37:30.541Z","","","","","","KXETH15M-26MAY121345-45","55cc950e-a00e-4cb3-9039-377b6d4333d7","10.67","0","","","","","","","","","","","",""
"Order","Filled","","2026-05-12T17:11:00.965Z","","","","","","KXBTC15M-26MAY121315-15","2092e7fb-7e94-429a-8ea1-90e985a73a35","26.2","0","","","","","","","","","","","",""
"Order","Filled","","2026-05-12T17:07:01.309Z","","","","","","KXBTC15M-26MAY121315-15","2092e7fb-7e94-429a-8ea1-90e985a73a35","8.33","0","","","","","","","","","","","",""
"Order","Filled","","2026-05-12T17:04:43.847Z","","","","","","KXBTC15M-26MAY121315-15","2092e7fb-7e94-429a-8ea1-90e985a73a35","9.07","0","","","","","","","","","","","",""
"Order","Filled","","2026-05-12T16:37:40.499Z","","","","","","KXBTC15M-26MAY121245-45","c8e1dada-f222-4363-bc39-e9c457af631c","10.93","0","","","","","","","","","","","",""
"Order","Filled","","2026-05-12T16:14:25.941Z","","","","","","KXBTC15M-26MAY121215-15","df589c5e-c263-4f17-9905-63a282519bff","64.2","0","","","","","","","","","","","",""
"Order","Filled","","2026-05-12T16:06:06.638Z","","","","","","KXETH15M-26MAY121215-15","0e94f5cf-fe4a-4ae3-b3a9-3169ccef6a4e","5.62","0","","","","","","","","","","","",""
"Order","Filled","","2026-05-12T16:02:56.013Z","","","","","","KXETH15M-26MAY121215-15","0e94f5cf-fe4a-4ae3-b3a9-3169ccef6a4e","11.94","0","","","","","","","","","","","",""
"Order","Filled","","2026-05-12T15:58:09.452Z","","","","","","KXETH15M-26MAY121200-00","d30ae6c9-c8f8-4444-a30c-6476938e6223","13.61","0","","","","","","","","","","","",""
"Order","Filled","","2026-05-12T15:57:32.121Z","","","","","","KXETH15M-26MAY121200-00","d30ae6c9-c8f8-4444-a30c-6476938e6223","6.57","0","","","","","","","","","","","",""
"Order","Filled","","2026-05-12T15:55:28.475Z","","","","","","KXETH15M-26MAY121200-00","d30ae6c9-c8f8-4444-a30c-6476938e6223","7.04","0","","","","","","","","","","","",""
"Order","Filled","","2026-05-12T15:53:17.255Z","","","","","","KXBTC15M-26MAY121200-00","80a8ca17-3c08-4dfc-8d8d-d7e7fad8b585","6.86","0","","","","","","","","","","","",""
"Order","Filled","","2026-05-12T15:39:02.836Z","","","","","","KXETH15M-26MAY121145-45","4776d63c-fd89-47a7-99f8-a4c9dc80c82f","21.95","0","","","","","","","","","","","",""
"Order","Filled","","2026-05-12T15:37:01.134Z","","","","","","KXETH15M-26MAY121145-45","4776d63c-fd89-47a7-99f8-a4c9dc80c82f","10.5","0","","","","","","","","","","","",""
"Order","Filled","","2026-05-12T15:36:23.132Z","","","","","","KXETH15M-26MAY121145-45","4776d63c-fd89-47a7-99f8-a4c9dc80c82f","30.1","0","","","","","","","","","","","",""
"Order","Filled","","2026-05-12T15:35:16.693Z","","","","","","KXETH15M-26MAY121145-45","4776d63c-fd89-47a7-99f8-a4c9dc80c82f","30.1","0","","","","","","","","","","","",""
"Order","Filled","","2026-05-12T15:08:12.985Z","","","","","","KXETH15M-26MAY121115-15","475e2c29-9ffe-4afe-8432-0a3932c66165","22.11","0","","","","","","","","","","","",""
"Order","Filled","","2026-05-12T14:26:04.460Z","","","","","","KXETH15M-26MAY121030-30","c307540d-1629-40cd-97b9-9b98abb9f70b","8.1","0","","","","","","","","","","","",""
"Order","Filled","","2026-05-12T14:08:47.063Z","","","","","","KXETH15M-26MAY121015-15","b145bd34-f48d-41cc-9136-93ab030ac672","9.96","0","","","","","","","","","","","",""
"Order","Filled","","2026-05-12T14:03:30.113Z","","","","","","KXETH15M-26MAY121015-15","b145bd34-f48d-41cc-9136-93ab030ac672","7.56","0","","","","","","","","","","","",""
"Credit","Applied","0.01","2026-05-12T11:53:07.140Z","","","","","","","","","","","","","","","","","","","Volume Incentive for event KXETH15M-26MAY111200","incentive",""
"Credit","Applied","0.09","2026-05-12T11:48:37.525Z","","","","","","","","","","","","","","","","","","","Volume Incentive for event KXETH15M-26MAY120445","incentive",""
"Credit","Applied","0.01","2026-05-12T11:47:12.342Z","","","","","","","","","","","","","","","","","","","Volume Incentive for event KXETH15M-26MAY120430","incentive",""
"Order","Filled","","2026-05-12T08:40:27.077Z","","","","","","KXETH15M-26MAY120445-45","17bae012-ddf0-4506-9752-c336ff68aa98","16.86","0","","","","","","","","","","","",""
"Order","Filled","","2026-05-12T08:34:20.188Z","","","","","","KXETH15M-26MAY120445-45","17bae012-ddf0-4506-9752-c336ff68aa98","11.82","0","","","","","","","","","","","",""
"Order","Filled","","2026-05-12T08:24:11.498Z","","","","","","KXETH15M-26MAY120430-30","edcb4dd1-1a26-438a-ac7e-49673232a387","11.8","0","","","","","","","","","","","",""
"Order","Filled","","2026-05-12T08:23:12.615Z","","","","","","KXETH15M-26MAY120430-30","edcb4dd1-1a26-438a-ac7e-49673232a387","9.23","0","","","","","","","","","","","",""
"Order","Filled","","2026-05-12T05:13:39.681Z","","","","","","KXBTC15M-26MAY120115-15","13f4a8b4-1724-4d53-9ab7-26cb7da1cb9c","6.8","0","","","","","","","","","","","",""
"Order","Filled","","2026-05-11T23:31:45.701Z","","","","","","KXETH15M-26MAY111945-45","c836b969-faf8-4851-854b-b54340b0911d","10.1","0","","","","","","","","","","","",""
"Order","Filled","","2026-05-11T19:52:05.297Z","","","","","","KXSOL15M-26MAY111600-00","35065ce4-c4e7-494f-8cbf-8a7392a4adc2","4.68","0","","","","","","","","","","","",""
"Order","Filled","","2026-05-11T17:10:56.842Z","","","","","","KXSOL15M-26MAY111315-15","2b1cb05e-a5f2-4e7c-92a6-6f71f5bcba93","11.35","0","","","","","","","","","","","",""
"Order","Filled","","2026-05-11T16:59:05.764Z","","","","","","KXXRP15M-26MAY111300-00","2f8d2e9a-3a71-49da-83a6-2069980f5df4","12.58","0","","","","","","","","","","","",""
"Order","Filled","","2026-05-11T16:41:34.090Z","","","","","","KXETH15M-26MAY111245-45","5c5dd594-3e76-4b4f-a6db-96bd07be6944","5.55","0","","","","","","","","","","","",""
"Order","Filled","","2026-05-11T16:39:30.253Z","","","","","","KXETH15M-26MAY111245-45","5c5dd594-3e76-4b4f-a6db-96bd07be6944","4.27","0","","","","","","","","","","","",""
"Order","Filled","","2026-05-11T16:10:44.586Z","","","","","","KXBTC15M-26MAY111215-15","c9784d73-993f-450a-b64c-0547f4dd55bc","7.02","0","","","","","","","","","","","",""
"Order","Filled","","2026-05-11T16:03:21.434Z","","","","","","KXBTC15M-26MAY111215-15","c9784d73-993f-450a-b64c-0547f4dd55bc","7.02","0","","","","","","","","","","","",""
"Order","Filled","","2026-05-11T15:51:46.982Z","","","","","","KXETH15M-26MAY111200-00","9aaa9d07-95ed-49bf-97cf-7626a2dc121c","7.56","0","","","","","","","","","","","",""
"Order","Filled","","2026-05-11T15:49:46.816Z","","","","","","KXETH15M-26MAY111200-00","9aaa9d07-95ed-49bf-97cf-7626a2dc121c","7.56","0","","","","","","","","","","","",""
"Order","Filled","","2026-05-11T15:39:55.916Z","","","","","","KXXRP15M-26MAY111145-45","d8883f66-2c6e-4c6e-bf61-77fedfa2ccc2","6.57","0","","","","","","","","","","","",""
"Order","Filled","","2026-05-11T15:34:15.031Z","","","","","","KXXRP15M-26MAY111145-45","d8883f66-2c6e-4c6e-bf61-77fedfa2ccc2","6.8","0","","","","","","","","","","","",""
"Order","Filled","","2026-05-11T14:40:26.862Z","","","","","","KXBTC15M-26MAY111045-45","99790a06-bba7-497a-b57d-93ab71e7ccd1","5.17","0","","","","","","","","","","","",""
"Credit","Applied","0.01","2026-05-11T11:52:31.823Z","","","","","","","","","","","","","","","","","","","Volume Incentive for event KXETH15M-26MAY101730","incentive",""
"Credit","Applied","0.01","2026-05-11T11:51:37.226Z","","","","","","","","","","","","","","","","","","","Volume Incentive for event KXETH15M-26MAY110030","incentive",""
"Credit","Applied","0.04","2026-05-11T11:51:18.667Z","","","","","","","","","","","","","","","","","","","Volume Incentive for event KXETH15M-26MAY101930","incentive",""
"Credit","Applied","0.01","2026-05-11T11:51:05.023Z","","","","","","","","","","","","","","","","","","","Volume Incentive for event KXETH15M-26MAY101430","incentive",""
"Credit","Applied","0.01","2026-05-11T11:48:28.558Z","","","","","","","","","","","","","","","","","","","Volume Incentive for event KXETH15M-26MAY101230","incentive",""
"Credit","Applied","0.01","2026-05-11T11:46:15.363Z","","","","","","","","","","","","","","","","","","","Volume Incentive for event KXETH15M-26MAY110200","incentive",""
"Credit","Applied","0.01","2026-05-11T11:45:56.906Z","","","","","","","","","","","","","","","","","","","Volume Incentive for event KXETH15M-26MAY100900","incentive",""
"Order","Filled","","2026-05-11T06:27:50.311Z","","","","","","KXSOL15M-26MAY110230-30","9fee09c8-c4ac-44eb-b523-e8b1d67ac97b","6.03","0","","","","","","","","","","","",""
"Order","Filled","","2026-05-11T06:27:12.120Z","","","","","","KXXRP15M-26MAY110230-30","93c830fa-67dc-4dbb-b778-eb242af35ed0","11.4","0","","","","","","","","","","","",""
"Order","Filled","","2026-05-11T06:24:20.560Z","","","","","","KXXRP15M-26MAY110230-30","93c830fa-67dc-4dbb-b778-eb242af35ed0","11.4","0","","","","","","","","","","","",""
"Order","Filled","","2026-05-11T06:21:47.142Z","","","","","","KXSOL15M-26MAY110230-30","9fee09c8-c4ac-44eb-b523-e8b1d67ac97b","6.03","0","","","","","","","","","","","",""
"Order","Filled","","2026-05-11T06:19:11.699Z","","","","","","KXBTC15M-26MAY110230-30","f4a1061c-a819-4062-ac35-629995beae2e","6.7","0","","","","","","","","","","","",""
"Order","Filled","","2026-05-11T06:17:59.254Z","","","","","","KXBTC15M-26MAY110230-30","f4a1061c-a819-4062-ac35-629995beae2e","6.7","0","","","","","","","","","","","",""
"Order","Filled","","2026-05-11T05:54:15.839Z","","","","","","KXETH15M-26MAY110200-00","130bfce9-0152-4169-97f6-6632b91a1697","7.19","0","","","","","","","","","","","",""
"Order","Filled","","2026-05-11T05:53:39.507Z","","","","","","KXETH15M-26MAY110200-00","130bfce9-0152-4169-97f6-6632b91a1697","7.19","0","","","","","","","","","","","",""
"Order","Filled","","2026-05-11T04:27:44.009Z","","","","","","KXETH15M-26MAY110030-30","dfe833e8-87da-4074-8bef-7ccb09759660","17.46","0","","","","","","","","","","","",""
"Order","Filled","","2026-05-11T04:24:02.330Z","","","","","","KXBTC15M-26MAY110030-30","574e57e4-cab7-4a86-84ba-bc78f82f91cc","8.25","0","","","","","","","","","","","",""
"Order","Filled","","2026-05-11T04:19:08.563Z","","","","","","KXETH15M-26MAY110030-30","dfe833e8-87da-4074-8bef-7ccb09759660","4.91","0","","","","","","","","","","","",""
"Order","Filled","","2026-05-11T04:17:50.422Z","","","","","","KXETH15M-26MAY110030-30","dfe833e8-87da-4074-8bef-7ccb09759660","8.55","0","","","","","","","","","","","",""
"Order","Filled","","2026-05-11T04:12:54.994Z","","","","","","KXBTC15M-26MAY110015-15","5af11cf3-068d-4445-bd94-3d45cc5efdaf","8.2","0","","","","","","","","","","","",""
"Order","Filled","","2026-05-11T04:05:54.531Z","","","","","","KXBTC15M-26MAY110015-15","5af11cf3-068d-4445-bd94-3d45cc5efdaf","8.2","0","","","","","","","","","","","",""
"Order","Filled","","2026-05-11T03:53:42.626Z","","","","","","KXBTC15M-26MAY110000-00","a5b927d2-9b42-44ea-810b-086be08c9fa3","7.31","0","","","","","","","","","","","",""
"Order","Filled","","2026-05-11T03:48:06.714Z","","","","","","KXBTC15M-26MAY110000-00","a5b927d2-9b42-44ea-810b-086be08c9fa3","6.41","0","","","","","","","","","","","",""
"Order","Filled","","2026-05-11T03:41:06.593Z","","","","","","KXBTC15M-26MAY102345-45","f0906c52-8422-479e-8903-c693e70dec2a","7.25","0","","","","","","","","","","","",""
"Order","Filled","","2026-05-11T03:39:10.411Z","","","","","","KXBTC15M-26MAY102345-45","f0906c52-8422-479e-8903-c693e70dec2a","10.05","0","","","","","","","","","","","",""
"Order","Filled","","2026-05-11T03:38:23.723Z","","","","","","KXETH15M-26MAY102345-45","3c78295e-303c-4e24-8edb-ef7ae9e4e81b","6.28","0","","","","","","","","","","","",""
"Order","Filled","","2026-05-11T03:38:01.886Z","","","","","","KXBTC15M-26MAY102345-45","f0906c52-8422-479e-8903-c693e70dec2a","7.02","0","","","","","","","","","","","",""
"Order","Filled","","2026-05-11T03:33:33.908Z","","","","","","KXETH15M-26MAY102345-45","3c78295e-303c-4e24-8edb-ef7ae9e4e81b","6.28","0","","","","","","","","","","","",""
"Order","Filled","","2026-05-11T03:32:02.602Z","","","","","","KXBTC15M-26MAY102345-45","f0906c52-8422-479e-8903-c693e70dec2a","7.02","0","","","","","","","","","","","",""
"Order","Filled","","2026-05-11T02:59:36.984Z","","","","","","KXETH15M-26MAY102300-00","ec0d71e0-94f9-4ae4-8af6-af073ef4773e","12.88","0","","","","","","","","","","","",""
"Order","Filled","","2026-05-11T02:58:22.023Z","","","","","","KXETH15M-26MAY102300-00","ec0d71e0-94f9-4ae4-8af6-af073ef4773e","4.68","0","","","","","","","","","","","",""
"Order","Filled","","2026-05-11T02:56:38.635Z","","","","","","KXBTC15M-26MAY102300-00","f1a69da5-937e-42ef-8d3b-9e39e8c4378a","15.38","0","","","","","","","","","","","",""
"Order","Filled","","2026-05-11T02:54:13.765Z","","","","","","KXETH15M-26MAY102300-00","ec0d71e0-94f9-4ae4-8af6-af073ef4773e","8.2","0","","","","","","","","","","","",""
"Order","Filled","","2026-05-11T02:51:39.285Z","","","","","","KXBTC15M-26MAY102300-00","f1a69da5-937e-42ef-8d3b-9e39e8c4378a","15.38","0","","","","","","","","","","","",""
"Order","Filled","","2026-05-11T02:38:14.982Z","","","","","","KXETH15M-26MAY102245-45","e8090a05-f65a-4723-a1e8-51997264341f","5.28","0","","","","","","","","","","","",""
"Order","Filled","","2026-05-11T02:31:20.799Z","","","","","","KXETH15M-26MAY102245-45","e8090a05-f65a-4723-a1e8-51997264341f","5.28","0","","","","","","","","","","","",""
"Order","Filled","","2026-05-11T00:41:57.361Z","","","","","","KXBTC15M-26MAY102045-45","db880c9e-d56a-42d7-97aa-e8addb441cbd","15.2","0","","","","","","","","","","","",""
"Order","Filled","","2026-05-11T00:39:52.216Z","","","","","","KXBTC15M-26MAY102045-45","db880c9e-d56a-42d7-97aa-e8addb441cbd","15.2","0","","","","","","","","","","","",""
"Order","Filled","","2026-05-10T23:24:08.218Z","","","","","","KXETH15M-26MAY101930-30","3db07252-6954-493c-9de8-3b13805773a9","21.81","0","","","","","","","","","","","",""
"Order","Filled","","2026-05-10T23:21:03.352Z","","","","","","KXETH15M-26MAY101930-30","3db07252-6954-493c-9de8-3b13805773a9","10.31","0","","","","","","","","","","","",""
"Order","Filled","","2026-05-10T21:41:48.668Z","","","","","","KXETH15M-26MAY101745-45","bbd5bf6d-c365-4871-8795-50908ac5975c","8.19","0","","","","","","","","","","","",""
"Order","Filled","","2026-05-10T21:35:57.690Z","","","","","","KXETH15M-26MAY101745-45","bbd5bf6d-c365-4871-8795-50908ac5975c","8.19","0","","","","","","","","","","","",""
"Order","Filled","","2026-05-10T21:35:21.297Z","","","","","","KXBTC15M-26MAY101745-45","7b9abfaa-9897-4afd-a3d5-2a186508b903","7.6","0","","","","","","","","","","","",""
"Order","Filled","","2026-05-10T21:24:55.067Z","","","","","","KXETH15M-26MAY101730-30","d3d622f1-3e18-4f8b-9de0-5f294e219779","16.01","0","","","","","","","","","","","",""
"Order","Filled","","2026-05-10T21:20:43.715Z","","","","","","KXBTC15M-26MAY101730-30","53e4a74b-08e1-4ef9-b883-17ff141a15e6","6.73","0","","","","","","","","","","","",""
"Order","Filled","","2026-05-10T21:18:20.647Z","","","","","","KXBTC15M-26MAY101730-30","53e4a74b-08e1-4ef9-b883-17ff141a15e6","7.91","0","","","","","","","","","","","",""
"Order","Filled","","2026-05-10T21:13:15.098Z","","","","","","KXBTC15M-26MAY101715-15","3a2e11dd-4e79-455c-a5a9-d900e5e5234b","13.66","0","","","","","","","","","","","",""
"Order","Filled","","2026-05-10T21:10:12.017Z","","","","","","KXBTC15M-26MAY101715-15","3a2e11dd-4e79-455c-a5a9-d900e5e5234b","13.66","0","","","","","","","","","","","",""
"Order","Filled","","2026-05-10T20:14:01.100Z","","","","","","KXXRP15M-26MAY101615-15","90beef0b-db05-4fbb-af48-ec754ddcc092","15.69","0","","","","","","","","","","","",""
"Order","Filled","","2026-05-10T20:10:06.910Z","","","","","","KXXRP15M-26MAY101615-15","90beef0b-db05-4fbb-af48-ec754ddcc092","15.69","0","","","","","","","","","","","",""
"Order","Filled","","2026-05-10T19:59:04.878Z","","","","","","KXBTC15M-26MAY101600-00","e6b1c689-bec9-4b07-a404-d93d4f08fa48","24.4","0","","","","","","","","","","","",""
"Order","Filled","","2026-05-10T19:57:50.898Z","","","","","","KXBTC15M-26MAY101600-00","e6b1c689-bec9-4b07-a404-d93d4f08fa48","6.29","0","","","","","","","","","","","",""
"Order","Filled","","2026-05-10T19:53:24.027Z","","","","","","KXBTC15M-26MAY101600-00","e6b1c689-bec9-4b07-a404-d93d4f08fa48","12.08","0","","","","","","","","","","","",""
"Order","Filled","","2026-05-10T19:47:59.866Z","","","","","","KXBTC15M-26MAY101600-00","e6b1c689-bec9-4b07-a404-d93d4f08fa48","6.03","0","","","","","","","","","","","",""
"Order","Filled","","2026-05-10T18:58:12.536Z","","","","","","KXXRP15M-26MAY101500-00","31f0fa78-3dea-4fb4-9419-2a57a7272fcf","6.04","0","","","","","","","","","","","",""
"Order","Filled","","2026-05-10T18:50:32.167Z","","","","","","KXXRP15M-26MAY101500-00","31f0fa78-3dea-4fb4-9419-2a57a7272fcf","6.04","0","","","","","","","","","","","",""
"Order","Filled","","2026-05-10T18:44:43.175Z","","","","","","KXSOL15M-26MAY101445-45","5cd79974-6fd4-45a4-81fa-e555c60554ea","21.51","0","","","","","","","","","","","",""
"Order","Filled","","2026-05-10T18:43:51.579Z","","","","","","KXSOL15M-26MAY101445-45","5cd79974-6fd4-45a4-81fa-e555c60554ea","13.2","0","","","","","","","","","","","",""
"Order","Filled","","2026-05-10T18:39:13.790Z","","","","","","KXSOL15M-26MAY101445-45","5cd79974-6fd4-45a4-81fa-e555c60554ea","8.31","0","","","","","","","","","","","",""
"Order","Filled","","2026-05-10T18:26:20.358Z","","","","","","KXETH15M-26MAY101430-30","c44ad208-44be-42eb-8935-ffcc322feb55","5.62","0","","","","","","","","","","","",""
"Order","Filled","","2026-05-10T18:20:31.915Z","","","","","","KXETH15M-26MAY101430-30","c44ad208-44be-42eb-8935-ffcc322feb55","10.78","0","","","","","","","","","","","",""
"Order","Filled","","2026-05-10T18:11:06.447Z","","","","","","KXBTC15M-26MAY101415-15","04edaf62-e006-4673-905c-1db7de9d4a05","10.3","0","","","","","","","","","","","",""
"Order","Filled","","2026-05-10T18:10:49.564Z","","","","","","KXBTC15M-26MAY101415-15","04edaf62-e006-4673-905c-1db7de9d4a05","8.55","0","","","","","","","","","","","",""
"Order","Filled","","2026-05-10T17:13:23.022Z","","","","","","KXETH15M-26MAY101315-15","86e2a165-eba8-4ff2-846a-65043957ff8d","9.52","0","","","","","","","","","","","",""
"Order","Filled","","2026-05-10T16:44:29.418Z","","","","","","KXBTC15M-26MAY101245-45","9583ddb0-0b4b-4b9c-a984-8c5db966176b","16.3","0","","","","","","","","","","","",""
"Order","Filled","","2026-05-10T16:44:13.566Z","","","","","","KXBTC15M-26MAY101245-45","9583ddb0-0b4b-4b9c-a984-8c5db966176b","16.3","0","","","","","","","","","","","",""
"Order","Filled","","2026-05-10T16:41:25.149Z","","","","","","KXBTC15M-26MAY101245-45","9583ddb0-0b4b-4b9c-a984-8c5db966176b","4.73","0","","","","","","","","","","","",""
"Order","Filled","","2026-05-10T16:33:47.530Z","","","","","","KXBTC15M-26MAY101245-45","9583ddb0-0b4b-4b9c-a984-8c5db966176b","4.73","0","","","","","","","","","","","",""
"Order","Filled","","2026-05-10T16:25:03.694Z","","","","","","KXBTC15M-26MAY101230-30","4ca15498-e960-45c1-814b-47e8e567fedf","29.37","0","","","","","","","","","","","",""
"Order","Filled","","2026-05-10T16:22:45.824Z","","","","","","KXETH15M-26MAY101230-30","3f09ebdf-7763-4c2b-aae6-cbf5abc70291","7.16","0","","","","","","","","","","","",""
"Order","Filled","","2026-05-10T16:19:34.575Z","","","","","","KXETH15M-26MAY101230-30","3f09ebdf-7763-4c2b-aae6-cbf5abc70291","8.25","0","","","","","","","","","","","",""
"Order","Filled","","2026-05-10T14:11:17.041Z","","","","","","KXETH15M-26MAY101015-15","56caa7a6-7078-4986-b1ab-02e925cdba4a","9.38","0","","","","","","","","","","","",""
"Order","Filled","","2026-05-10T14:09:01.419Z","","","","","","KXETH15M-26MAY101015-15","56caa7a6-7078-4986-b1ab-02e925cdba4a","3.66","0","","","","","","","","","","","",""
"Order","Filled","","2026-05-10T14:07:11.876Z","","","","","","KXETH15M-26MAY101015-15","56caa7a6-7078-4986-b1ab-02e925cdba4a","5.72","0","","","","","","","","","","","",""
"Order","Filled","","2026-05-10T13:59:47.283Z","","","","","","KXETH15M-26MAY101000-00","c2556957-53c4-4c40-845e-8f944a9e53a1","8.55","0","","","","","","","","","","","",""
"Order","Filled","","2026-05-10T13:59:02.263Z","","","","","","KXETH15M-26MAY101000-00","c2556957-53c4-4c40-845e-8f944a9e53a1","8.55","0","","","","","","","","","","","",""
"Order","Filled","","2026-05-10T13:28:32.171Z","","","","","","KXBTC15M-26MAY100930-30","6fd5dce6-23a8-4643-998b-032cd74d211a","5.31","0","","","","","","","","","","","",""
"Order","Filled","","2026-05-10T13:16:40.891Z","","","","","","KXBTC15M-26MAY100930-30","6fd5dce6-23a8-4643-998b-032cd74d211a","5.31","0","","","","","","","","","","","",""
"Order","Filled","","2026-05-10T12:58:25.944Z","","","","","","KXETH15M-26MAY100900-00","692b5de8-b01d-4587-88fa-cb9265d14a48","5.25","0","","","","","","","","","","","",""
"Order","Filled","","2026-05-10T12:56:31.590Z","","","","","","KXETH15M-26MAY100900-00","692b5de8-b01d-4587-88fa-cb9265d14a48","6.81","0","","","","","","","","","","","",""
"Order","Filled","","2026-05-10T12:52:00.674Z","","","","","","KXETH15M-26MAY100900-00","692b5de8-b01d-4587-88fa-cb9265d14a48","3.08","0","","","","","","","","","","","",""
"Order","Filled","","2026-05-10T12:47:20.599Z","","","","","","KXETHD-26MAY1009-T2319.99","2b16d742-8336-44bd-88da-e9bae7a175fd","10.44","0","","","","","","","","","","","",""
"Credit","Applied","0.01","2026-05-10T11:49:13.071Z","","","","","","","","","","","","","","","","","","","Volume Incentive for event KXETH15M-26MAY091700","incentive",""
"Credit","Applied","0.02","2026-05-10T11:49:04.582Z","","","","","","","","","","","","","","","","","","","Volume Incentive for event KXETH15M-26MAY100545","incentive",""
"Order","Filled","","2026-05-10T09:40:20.914Z","","","","","","KXETH15M-26MAY100545-45","7df27d10-ba07-4c8c-8eb0-0c512fd3dc54","13.66","0","","","","","","","","","","","",""
"Order","Filled","","2026-05-10T09:36:03.581Z","","","","","","KXBTC15M-26MAY100545-45","aa4fcfe0-7a9f-4957-8d5c-cf3570fd267e","6.3","0","","","","","","","","","","","",""
"Order","Filled","","2026-05-10T09:35:51.497Z","","","","","","KXETH15M-26MAY100545-45","7df27d10-ba07-4c8c-8eb0-0c512fd3dc54","4.65","0","","","","","","","","","","","",""
"Order","Filled","","2026-05-10T09:34:27.796Z","","","","","","KXBTC15M-26MAY100545-45","aa4fcfe0-7a9f-4957-8d5c-cf3570fd267e","6.3","0","","","","","","","","","","","",""
"Order","Filled","","2026-05-10T09:32:46.861Z","","","","","","KXETH15M-26MAY100545-45","7df27d10-ba07-4c8c-8eb0-0c512fd3dc54","4.65","0","","","","","","","","","","","",""
"Order","Filled","","2026-05-10T07:55:45.976Z","","","","","","KXBTC15M-26MAY100400-00","8fb3e055-500c-4ccd-b948-2f3b0dcbaf4e","17.11","0","","","","","","","","","","","",""
"Order","Filled","","2026-05-10T07:54:51.154Z","","","","","","KXBTC15M-26MAY100400-00","8fb3e055-500c-4ccd-b948-2f3b0dcbaf4e","7.84","0","","","","","","","","","","","",""
"Order","Filled","","2026-05-10T04:53:52.132Z","","","","","","KXETH15M-26MAY100100-00","145ed14c-37a7-4e6e-bb69-90b98a58113c","3.52","0","","","","","","","","","","","",""
"Order","Filled","","2026-05-10T04:52:35.251Z","","","","","","KXETH15M-26MAY100100-00","145ed14c-37a7-4e6e-bb69-90b98a58113c","3.52","0","","","","","","","","","","","",""
"Order","Filled","","2026-05-10T04:43:18.996Z","","","","","","KXETH15M-26MAY100045-45","8f4a46cf-f42f-472a-9a9c-ebc9639427b3","3.65","0","","","","","","","","","","","",""
"Order","Filled","","2026-05-10T03:19:28.672Z","","","","","","KXETH15M-26MAY092330-30","34c15ee0-dff0-4541-803c-7cfb9b975fd2","4.57","0","","","","","","","","","","","",""
"Order","Filled","","2026-05-10T03:03:15.394Z","","","","","","KXXRP15M-26MAY092315-15","6386243c-00c9-4bbb-940f-5346e38404b1","3.34","0","","","","","","","","","","","",""
"Order","Filled","","2026-05-10T03:01:45.100Z","","","","","","KXXRP15M-26MAY092315-15","6386243c-00c9-4bbb-940f-5346e38404b1","3.34","0","","","","","","","","","","","",""
"Order","Filled","","2026-05-10T02:59:09.006Z","","","","","","KXXRP15M-26MAY092300-00","fb59672c-0051-4ed2-bd33-feb76013597e","8.11","0","","","","","","","","","","","",""
"Order","Filled","","2026-05-10T02:54:13.918Z","","","","","","KXXRP15M-26MAY092300-00","fb59672c-0051-4ed2-bd33-feb76013597e","3.09","0","","","","","","","","","","","",""
"Order","Filled","","2026-05-10T02:51:52.142Z","","","","","","KXXRP15M-26MAY092300-00","fb59672c-0051-4ed2-bd33-feb76013597e","5.02","0","","","","","","","","","","","",""
"Order","Filled","","2026-05-10T02:41:43.770Z","","","","","","KXETH15M-26MAY092245-45","00da4021-e4ac-4693-a960-95086da7dd76","2.09","0","","","","","","","","","","","",""
"Order","Filled","","2026-05-10T02:39:02.951Z","","","","","","KXETH15M-26MAY092245-45","00da4021-e4ac-4693-a960-95086da7dd76","4.65","0","","","","","","","","","","","",""
"Order","Filled","","2026-05-10T00:11:30.313Z","","","","","","KXBTC15M-26MAY092015-15","d81c9619-c500-47c3-9120-4002575861b7","2.98","0","","","","","","","","","","","",""
"Order","Filled","","2026-05-10T00:09:13.722Z","","","","","","KXBTC15M-26MAY092015-15","d81c9619-c500-47c3-9120-4002575861b7","2.98","0","","","","","","","","","","","",""
"Order","Filled","","2026-05-09T23:41:03.535Z","","","","","","KXETH15M-26MAY091945-45","2deb29db-6fb5-4fbb-b412-fabc172eb29f","3.94","0","","","","","","","","","","","",""
"Order","Filled","","2026-05-09T23:37:58.062Z","","","","","","KXETH15M-26MAY091945-45","2deb29db-6fb5-4fbb-b412-fabc172eb29f","3.94","0","","","","","","","","","","","",""
"Order","Filled","","2026-05-09T22:08:05.459Z","","","","","","KXETH15M-26MAY091815-15","a71d14b7-3b2d-4fd3-b490-d1e9c884b70a","4.02","0","","","","","","","","","","","",""
"Order","Filled","","2026-05-09T20:58:58.399Z","","","","","","KXETH15M-26MAY091700-00","1ede2aa7-2240-4772-bd97-12f9c0ffd805","5.78","0","","","","","","","","","","","",""
"Order","Filled","","2026-05-09T20:57:42.899Z","","","","","","KXETH15M-26MAY091700-00","1ede2aa7-2240-4772-bd97-12f9c0ffd805","8.68","0","","","","","","","","","","","",""
"Order","Filled","","2026-05-09T20:56:03.043Z","","","","","","KXETH15M-26MAY091700-00","1ede2aa7-2240-4772-bd97-12f9c0ffd805","8.68","0","","","","","","","","","","","",""
"Order","Filled","","2026-05-09T19:44:14.655Z","","","","","","KXETH15M-26MAY091545-45","2877c105-4d81-4917-8b3d-661c3683da0b","11.96","0","","","","","","","","","","","",""
"Deposit","Applied","20","2026-05-09T19:20:50.009Z","","May 9, 2026 at 3:20:50 PM EDT","apm","0","","","","","","","","","","","","","","","","",""
"Order","Filled","","2026-05-09T19:12:25.974Z","","","","","","KXBTC15M-26MAY091515-15","61e4030b-10f4-4d82-81bf-d4d54274154d","4.7","0","","","","","","","","","","","",""
"Order","Filled","","2026-05-09T19:07:06.942Z","","","","","","KXBTC15M-26MAY091515-15","61e4030b-10f4-4d82-81bf-d4d54274154d","2.98","0","","","","","","","","","","","",""
"Order","Filled","","2026-05-09T19:06:11.301Z","","","","","","KXBTC15M-26MAY091515-15","61e4030b-10f4-4d82-81bf-d4d54274154d","3.94","0","","","","","","","","","","","",""
"Order","Filled","","2026-05-09T18:55:33.678Z","","","","","","KXBTC15M-26MAY091500-00","25079647-2ef1-4c34-9dd3-f11ea564de6a","2.34","0","","","","","","","","","","","",""
"Order","Filled","","2026-05-09T18:14:41.159Z","","","","","","KXBTC15M-26MAY091415-15","510763b5-3e74-48dd-be5a-fbcc6915d1fa","231.4","0","","","","","","","","","","","",""
"Order","Filled","","2026-05-09T18:13:43.672Z","","","","","","KXETH15M-26MAY091415-15","39bc7dbc-bf3b-4e13-9898-7b5d6f7bff04","4.31","0","","","","","","","","","","","",""
"Order","Filled","","2026-05-09T18:10:12.254Z","","","","","","KXETH15M-26MAY091415-15","39bc7dbc-bf3b-4e13-9898-7b5d6f7bff04","4.31","0","","","","","","","","","","","",""
"Order","Filled","","2026-05-09T17:58:30.062Z","","","","","","KXBTC15M-26MAY091400-00","1682feb7-fd0a-4358-8dba-31b4a694bb94","42.67","0","","","","","","","","","","","",""
"Order","Filled","","2026-05-09T17:47:10.844Z","","","","","","KXBTC15M-26MAY091400-00","1682feb7-fd0a-4358-8dba-31b4a694bb94","5.12","0","","","","","","","","","","","",""
"Order","Filled","","2026-05-09T16:42:26.470Z","","","","","","KXBTC15M-26MAY091245-45","281387c9-f5ae-4a86-82eb-e608e4972229","8.55","0","","","","","","","","","","","",""
"Order","Filled","","2026-05-09T16:31:52.406Z","","","","","","KXBTC15M-26MAY091245-45","281387c9-f5ae-4a86-82eb-e608e4972229","4.47","0","","","","","","","","","","","",""
"Order","Filled","","2026-05-09T16:09:50.252Z","","","","","","KXBTC15M-26MAY091215-15","03cc97a3-0aa6-4c62-aa7d-6f6e6f959a0f","4.1","0","","","","","","","","","","","",""
"Order","Filled","","2026-05-09T16:06:01.624Z","","","","","","KXBTC15M-26MAY091215-15","03cc97a3-0aa6-4c62-aa7d-6f6e6f959a0f","4.1","0","","","","","","","","","","","",""
"Order","Filled","","2026-05-09T16:05:35.668Z","","","","","","KXBTC15M-26MAY091215-15","03cc97a3-0aa6-4c62-aa7d-6f6e6f959a0f","5.78","0","","","","","","","","","","","",""
"Order","Filled","","2026-05-09T16:04:30.875Z","","","","","","KXBTC15M-26MAY091215-15","03cc97a3-0aa6-4c62-aa7d-6f6e6f959a0f","5.78","0","","","","","","","","","","","",""
"Credit","Applied","0.04","2026-05-09T11:54:31.507Z","","","","","","","","","","","","","","","","","","","Volume Incentive for event KXETH15M-26MAY082000","incentive",""
"Credit","Applied","0.02","2026-05-09T11:50:23.940Z","","","","","","","","","","","","","","","","","","","Volume Incentive for event KXETH15M-26MAY081315","incentive",""
"Credit","Applied","0.01","2026-05-09T11:48:30.637Z","","","","","","","","","","","","","","","","","","","Volume Incentive for event KXETH15M-26MAY080930","incentive",""
"Credit","Applied","0.01","2026-05-09T11:45:48.901Z","","","","","","","","","","","","","","","","","","","Volume Incentive for event KXETH15M-26MAY081530","incentive",""
"Order","Filled","","2026-05-09T04:56:36.436Z","","","","","","KXXRP15M-26MAY090100-00","4a1cc31b-f539-4bc7-9caa-b908e6b4afde","4.18","0","","","","","","","","","","","",""
"Order","Filled","","2026-05-09T02:28:36.009Z","","","","","","KXBTC15M-26MAY082230-30","d9dd79e2-5e90-42ae-879a-4acdcf671e61","8.94","0","","","","","","","","","","","",""
"Order","Filled","","2026-05-09T01:02:40.940Z","","","","","","KXETH15M-26MAY082115-15","16f56ca1-0355-407b-860c-684a92764e1c","7.69","0","","","","","","","","","","","",""
"Order","Filled","","2026-05-09T01:02:11.938Z","","","","","","KXETH15M-26MAY082115-15","16f56ca1-0355-407b-860c-684a92764e1c","7.69","0","","","","","","","","","","","",""
"Order","Filled","","2026-05-09T00:50:07.432Z","","","","","","KXBTCD-26MAY0821-T80199.99","665b2534-cc28-43bf-ae4d-29da23b8f2dd","5.91","0","","","","","","","","","","","",""
"Order","Filled","","2026-05-09T00:49:41.589Z","","","","","","KXBTCD-26MAY0821-T80299.99","4087b9ce-d34c-488c-84e0-bff2ca82f864","13.41","0","","","","","","","","","","","",""
"Order","Filled","","2026-05-09T00:49:18.618Z","","","","","","KXBTCD-26MAY0821-T80199.99","665b2534-cc28-43bf-ae4d-29da23b8f2dd","10.05","0","","","","","","","","","","","",""
"Order","Filled","","2026-05-09T00:47:09.530Z","","","","","","KXBTCD-26MAY0821-T80199.99","665b2534-cc28-43bf-ae4d-29da23b8f2dd","10.05","0","","","","","","","","","","","",""
"Order","Filled","","2026-05-09T00:46:10.742Z","","","","","","KXETHD-26MAY0821-T2299.99","4c2089be-2828-46cb-baf3-ebbcc517a681","31.21","0","","","","","","","","","","","",""
"Order","Filled","","2026-05-09T00:43:46.881Z","","","","","","KXETHD-26MAY0821-T2299.99","4c2089be-2828-46cb-baf3-ebbcc517a681","31.21","0","","","","","","","","","","","",""
"Order","Filled","","2026-05-08T23:51:30.382Z","","","","","","KXETH15M-26MAY082000-00","7f12905b-9b79-42ea-be83-14d424884bc1","9.07","0","","","","","","","","","","","",""
"Order","Filled","","2026-05-08T23:50:42.321Z","","","","","","KXETH15M-26MAY082000-00","7f12905b-9b79-42ea-be83-14d424884bc1","9.07","0","","","","","","","","","","","",""
"Order","Filled","","2026-05-08T22:42:44.685Z","","","","","","KXETH15M-26MAY081845-45","48ab1d51-7ece-47b6-b5a3-d6064ce935d8","6.86","0","","","","","","","","","","","",""
"Order","Filled","","2026-05-08T22:39:20.469Z","","","","","","KXETH15M-26MAY081845-45","48ab1d51-7ece-47b6-b5a3-d6064ce935d8","6.86","0","","","","","","","","","","","",""
"Order","Filled","","2026-05-08T22:27:10.261Z","","","","","","KXBTC15M-26MAY081830-30","854e5d4e-59de-4df5-b42c-b92cf2e05cc2","19.18","0","","","","","","","","","","","",""
"Order","Filled","","2026-05-08T21:58:46.010Z","","","","","","KXBTC15M-26MAY081800-00","25aa5a92-3a10-43a5-b872-cd40948ce815","14.05","0","","","","","","","","","","","",""
"Order","Filled","","2026-05-08T21:52:43.134Z","","","","","","KXBTC-26MAY0818-B80150","ab7118db-6b95-473a-aec0-dc7d1e64383c","6.81","0","","","","","","","","","","","",""
"Order","Filled","","2026-05-08T21:42:57.361Z","","","","","","KXBTC15M-26MAY081745-45","4ea0d6d5-1835-4d3c-bb3f-a94198b278fd","12.58","0","","","","","","","","","","","",""
"Order","Filled","","2026-05-08T21:41:20.266Z","","","","","","KXETH15M-26MAY081745-45","4af8013e-1a31-4075-8f76-9723237f313d","93.51","0","","","","","","","","","","","",""
"Order","Filled","","2026-05-08T20:25:10.620Z","","","","","","KXETH15M-26MAY081630-30","1532cc32-e39b-4062-984e-2f7b77a7b15e","5.48","0","","","","","","","","","","","",""
"Order","Filled","","2026-05-08T19:54:18.391Z","","","","","","KXETH15M-26MAY081600-00","e2da6c54-5f0a-4255-b181-0bf969afbf78","7.97","0","","","","","","","","","","","",""
"Order","Filled","","2026-05-08T19:26:36.471Z","","","","","","KXETH15M-26MAY081530-30","425d55f0-cba8-4cd2-8213-639fdda97401","10.27","0","","","","","","","","","","","",""
"Order","Filled","","2026-05-08T19:23:45.847Z","","","","","","KXETH15M-26MAY081530-30","425d55f0-cba8-4cd2-8213-639fdda97401","5.91","0","","","","","","","","","","","",""
"Order","Filled","","2026-05-08T19:10:56.467Z","","","","","","KXSOL15M-26MAY081515-15","e1e1e396-fd14-44f7-9638-7f137ff6f87b","7.24","0","","","","","","","","","","","",""
"Order","Filled","","2026-05-08T19:04:10.714Z","","","","","","KXSOL15M-26MAY081515-15","e1e1e396-fd14-44f7-9638-7f137ff6f87b","7.24","0","","","","","","","","","","","",""
"Order","Filled","","2026-05-08T18:56:58.938Z","","","","","","KXETH15M-26MAY081500-00","902478ae-4104-46fa-9a5d-71fa8e9487ce","7.02","0","","","","","","","","","","","",""
"Order","Filled","","2026-05-08T18:55:14.487Z","","","","","","KXETH15M-26MAY081500-00","902478ae-4104-46fa-9a5d-71fa8e9487ce","6.69","0","","","","","","","","","","","",""
"Order","Filled","","2026-05-08T18:43:13.743Z","","","","","","KXETH15M-26MAY081445-45","6ee2d02d-2d7e-4ffb-b196-8a5a5aaa1bb4","10.27","0","","","","","","","","","","","",""
"Order","Filled","","2026-05-08T18:38:39.541Z","","","","","","KXETH15M-26MAY081445-45","6ee2d02d-2d7e-4ffb-b196-8a5a5aaa1bb4","10.27","0","","","","","","","","","","","",""
"Order","Filled","","2026-05-08T17:04:44.873Z","","","","","","KXETH15M-26MAY081315-15","21e10e02-0f64-4259-810e-0607aeb53d1e","7.6","0","","","","","","","","","","","",""
"Order","Filled","","2026-05-08T17:03:49.860Z","","","","","","KXETH15M-26MAY081315-15","21e10e02-0f64-4259-810e-0607aeb53d1e","7.6","0","","","","","","","","","","","",""
"Order","Filled","","2026-05-08T16:52:37.901Z","","","","","","KXETH15M-26MAY081300-00","a3cc0c9e-5ac9-4b8a-a264-e7cff8e6abb1","6.03","0","","","","","","","","","","","",""
"Order","Filled","","2026-05-08T14:57:09.033Z","","","","","","KXSOL15M-26MAY081100-00","e1f4c6b3-64cb-4570-b765-f2e21780b809","3.4","0","","","","","","","","","","","",""
"Order","Filled","","2026-05-08T14:41:11.026Z","","","","","","KXSOL15M-26MAY081045-45","7216717a-7d74-4870-8d22-c97473c12c31","6.28","0","","","","","","","","","","","",""
"Order","Filled","","2026-05-08T14:37:23.847Z","","","","","","KXSOL15M-26MAY081045-45","7216717a-7d74-4870-8d22-c97473c12c31","6.28","0","","","","","","","","","","","",""
"Order","Filled","","2026-05-08T13:56:08.890Z","","","","","","KXBTC15M-26MAY081000-00","d393f334-c81d-4472-a6fc-c93c58e0270a","5.68","0","","","","","","","","","","","",""
"Order","Filled","","2026-05-08T13:50:38.858Z","","","","","","KXBTC15M-26MAY081000-00","d393f334-c81d-4472-a6fc-c93c58e0270a","5.68","0","","","","","","","","","","","",""
"Order","Filled","","2026-05-08T13:43:45.747Z","","","","","","KXBTC15M-26MAY080945-45","346e0cbd-3445-48aa-ae0f-e7dfbac5040a","9.96","0","","","","","","","","","","","",""
"Order","Filled","","2026-05-08T13:43:32.993Z","","","","","","KXBTC15M-26MAY080945-45","346e0cbd-3445-48aa-ae0f-e7dfbac5040a","9.96","0","","","","","","","","","","","",""
"Order","Filled","","2026-05-08T13:40:46.692Z","","","","","","KXBTC15M-26MAY080945-45","346e0cbd-3445-48aa-ae0f-e7dfbac5040a","9.85","0","","","","","","","","","","","",""
"Order","Filled","","2026-05-08T13:32:28.083Z","","","","","","KXBTC15M-26MAY080945-45","346e0cbd-3445-48aa-ae0f-e7dfbac5040a","9.85","0","","","","","","","","","","","",""
"Order","Filled","","2026-05-08T13:27:23.892Z","","","","","","KXETH15M-26MAY080930-30","7746719c-75e4-41ae-9d9c-a350d4a5533a","10.75","0","","","","","","","","","","","",""
"Order","Filled","","2026-05-08T13:24:28.129Z","","","","","","KXETH15M-26MAY080930-30","7746719c-75e4-41ae-9d9c-a350d4a5533a","4.79","0","","","","","","","","","","","",""
"Order","Filled","","2026-05-08T13:22:05.302Z","","","","","","KXETH15M-26MAY080930-30","7746719c-75e4-41ae-9d9c-a350d4a5533a","5.96","0","","","","","","","","","","","",""
"Order","Filled","","2026-05-08T12:50:40.361Z","","","","","","KXSOL15M-26MAY080900-00","d67fba56-8fb2-4a67-9001-891f9f962a56","5.96","0","","","","","","","","","","","",""
"Order","Filled","","2026-05-08T12:47:45.780Z","","","","","","KXSOL15M-26MAY080900-00","d67fba56-8fb2-4a67-9001-891f9f962a56","5.96","0","","","","","","","","","","","",""
"Order","Filled","","2026-05-08T12:41:26.096Z","","","","","","KXSOL15M-26MAY080845-45","3d131805-0440-4993-837c-0b165bf72a12","5.62","0","","","","","","","","","","","",""
"Order","Filled","","2026-05-08T12:28:29.302Z","","","","","","KXBTC15M-26MAY080830-30","0eedc410-e2cd-47ef-8e20-1105caa1601c","22.1","0","","","","","","","","","","","",""
"Order","Filled","","2026-05-08T12:21:24.331Z","","","","","","KXBTC15M-26MAY080830-30","0eedc410-e2cd-47ef-8e20-1105caa1601c","6.57","0","","","","","","","","","","","",""
"Order","Filled","","2026-05-08T12:13:08.614Z","","","","","","KXSOL15M-26MAY080815-15","36ad46ee-d9b4-4dba-aa04-9b65ea55a8b7","5.25","0","","","","","","","","","","","",""
"Order","Filled","","2026-05-08T12:10:34.478Z","","","","","","KXSOL15M-26MAY080815-15","36ad46ee-d9b4-4dba-aa04-9b65ea55a8b7","6.8","0","","","","","","","","","","","",""
"Order","Filled","","2026-05-08T12:10:13.935Z","","","","","","KXSOL15M-26MAY080815-15","36ad46ee-d9b4-4dba-aa04-9b65ea55a8b7","6.8","0","","","","","","","","","","","",""
"Order","Filled","","2026-05-08T11:51:15.596Z","","","","","","KXETHD-26MAY0808-T2299.99","d234efc0-978b-4a81-bc23-c322690df032","13.41","0","","","","","","","","","","","",""
"Order","Filled","","2026-05-08T00:55:18.012Z","","","","","","KXBTCD-26MAY0721-T79699.99","7f671d96-1b2e-4b09-9a3e-b08fccff9cc4","26.82","0","","","","","","","","","","","",""
"Order","Filled","","2026-05-07T23:25:13.803Z","","","","","","KXETH15M-26MAY071930-30","980a6d91-a600-43f8-a913-dcb0289ee65a","6.35","0","","","","","","","","","","","",""
"Order","Filled","","2026-05-07T21:37:13.415Z","","","","","","KXETH15M-26MAY071745-45","384aafac-f1be-4a00-a936-3c70e2c2722a","5.17","0","","","","","","","","","","","",""
"Order","Filled","","2026-05-07T21:33:22.823Z","","","","","","KXETH15M-26MAY071745-45","384aafac-f1be-4a00-a936-3c70e2c2722a","4.91","0","","","","","","","","","","","",""
"Order","Filled","","2026-05-07T21:32:53.974Z","","","","","","KXETH15M-26MAY071745-45","384aafac-f1be-4a00-a936-3c70e2c2722a","4.91","0","","","","","","","","","","","",""
"Order","Filled","","2026-05-07T21:26:05.110Z","","","","","","KXBTC15M-26MAY071730-30","4e7d09b1-a78a-461b-afda-09db541595a4","61.9","0","","","","","","","","","","","",""
"Deposit","Applied","29.72","2026-05-07T13:06:25.346Z","","May 7, 2026 at 9:06:25 AM EDT","crypto","0","","","","","","","","","","","","","","","","",""
"Credit","Applied","0.03","2026-05-07T11:53:09.236Z","","","","","","","","","","","","","","","","","","","Volume Incentive for event KXETH15M-26MAY061145","incentive",""
"Credit","Applied","0.01","2026-05-07T11:52:57.773Z","","","","","","","","","","","","","","","","","","","Volume Incentive for event KXETH15M-26MAY061545","incentive",""
"Credit","Applied","0.01","2026-05-07T11:46:32.546Z","","","","","","","","","","","","","","","","","","","Volume Incentive for event KXETH15M-26MAY061030","incentive",""
"Order","Filled","","2026-05-07T05:21:28.270Z","","","","","","KXBTC15M-26MAY070130-30","41596f71-61c2-4301-a9e8-4e1773478598","0.78","0","","","","","","","","","","","",""
"Order","Filled","","2026-05-07T03:38:05.516Z","","","","","","KXSOL15M-26MAY062345-45","165cb333-6f1c-4327-909f-5e1d6f512ab6","0.36","0","","","","","","","","","","","",""
"Order","Filled","","2026-05-07T03:32:38.778Z","","","","","","KXBTC15M-26MAY062345-45","26c8f309-a148-4785-ac0c-de3aa87776bd","0.72","0","","","","","","","","","","","",""
"Order","Filled","","2026-05-07T02:36:51.187Z","","","","","","KXBTC15M-26MAY062245-45","1e121d6b-a644-4068-a460-d38078a236b1","19.71","0","","","","","","","","","","","",""
"Order","Filled","","2026-05-07T02:35:03.615Z","","","","","","KXBTC15M-26MAY062245-45","1e121d6b-a644-4068-a460-d38078a236b1","9.66","0","","","","","","","","","","","",""
"Order","Filled","","2026-05-07T02:31:36.563Z","","","","","","KXBTC15M-26MAY062245-45","1e121d6b-a644-4068-a460-d38078a236b1","9.66","0","","","","","","","","","","","",""
"Order","Filled","","2026-05-07T01:54:00.898Z","","","","","","KXBTCD-26MAY0622-T81099.99","390e313a-2dc1-4c38-9285-c87db3d0eb30","11.11","0","","","","","","","","","","","",""
"Order","Filled","","2026-05-07T01:46:27.420Z","","","","","","KXETH15M-26MAY062200-00","b7326901-8934-4672-aa5f-d0db8f1504db","5.62","0","","","","","","","","","","","",""
"Order","Filled","","2026-05-07T01:44:04.220Z","","","","","","KXBTCD-26MAY0622-T81299.99","7b1bb6f8-bfaa-40fc-87e8-73f1583595f1","8.19","0","","","","","","","","","","","",""
"Order","Filled","","2026-05-07T01:40:18.447Z","","","","","","KXBTC15M-26MAY062145-45","f46a76a4-d355-495a-881f-1422db1caa58","12.61","0","","","","","","","","","","","",""
"Order","Filled","","2026-05-07T01:37:33.787Z","","","","","","KXBTC15M-26MAY062145-45","f46a76a4-d355-495a-881f-1422db1caa58","12.61","0","","","","","","","","","","","",""
"Order","Filled","","2026-05-07T01:35:52.889Z","","","","","","KXXRP15M-26MAY062145-45","ba341dc6-1fde-4c14-ba8b-7111826cf050","9.1","0","","","","","","","","","","","",""
"Order","Filled","","2026-05-07T01:34:26.420Z","","","","","","KXXRP15M-26MAY062145-45","ba341dc6-1fde-4c14-ba8b-7111826cf050","9.1","0","","","","","","","","","","","",""
"Order","Filled","","2026-05-07T00:14:10.975Z","","","","","","KXETH15M-26MAY062015-15","27299726-0461-4200-a5d9-f2dd21b528c0","8.52","0","","","","","","","","","","","",""
"Order","Filled","","2026-05-07T00:11:08.078Z","","","","","","KXBTC15M-26MAY062015-15","2e571b23-0108-4cba-bfb8-8fb158540faa","7.62","0","","","","","","","","","","","",""
"Order","Filled","","2026-05-06T21:56:18.049Z","","","","","","KXETH15M-26MAY061800-00","4191dd0f-2b16-4c5a-af9c-90979ba67552","6.62","0","","","","","","","","","","","",""
"Order","Filled","","2026-05-06T21:50:15.464Z","","","","","","KXBTC15M-26MAY061800-00","8d03b341-cf48-4c52-80e4-bae8b3399032","7.04","0","","","","","","","","","","","",""
"Order","Filled","","2026-05-06T19:43:11.365Z","","","","","","KXETH15M-26MAY061545-45","5248b3ff-a327-433b-955d-89cb930084ae","4.5","0","","","","","","","","","","","",""
"Order","Filled","","2026-05-06T19:40:56.297Z","","","","","","KXETH15M-26MAY061545-45","5248b3ff-a327-433b-955d-89cb930084ae","4.5","0","","","","","","","","","","","",""
"Order","Filled","","2026-05-06T19:40:15.814Z","","","","","","KXETH15M-26MAY061545-45","5248b3ff-a327-433b-955d-89cb930084ae","6.11","0","","","","","","","","","","","",""
"Order","Filled","","2026-05-06T19:39:22.313Z","","","","","","KXETH15M-26MAY061545-45","5248b3ff-a327-433b-955d-89cb930084ae","6.11","0","","","","","","","","","","","",""
"Order","Filled","","2026-05-06T18:28:52.576Z","","","","","","KXETH15M-26MAY061430-30","65c69d79-0667-42ff-a6ec-1fa994991d2f","7.6","0","","","","","","","","","","","",""
"Order","Filled","","2026-05-06T15:42:46.646Z","","","","","","KXBTC15M-26MAY061145-45","b750f5d5-f220-4cb6-853d-0459e3fa3cbe","76.36","0","","","","","","","","","","","",""
"Order","Filled","","2026-05-06T15:41:01.538Z","","","","","","KXETH15M-26MAY061145-45","51445f8f-f626-4d07-96d9-c938027e2b63","14.34","0","","","","","","","","","","","",""
"Order","Filled","","2026-05-06T14:20:21.239Z","","","","","","KXETH15M-26MAY061030-30","b764bcf2-ce00-420b-85f0-dee77612e6a6","4.02","0","","","","","","","","","","","",""
"Deposit","Applied","20","2026-05-06T02:03:55.700Z","","May 5, 2026 at 10:03:55 PM EDT","apm","0","","","","","","","","","","","","","","","","",""
"Order","Filled","","2026-05-06T01:43:40.784Z","","","","","","KXETH15M-26MAY052145-45","9927c4ba-4d5a-4db9-bb1d-e39ff0307316","3.14","0","","","","","","","","","","","",""
"Order","Filled","","2026-05-06T01:41:40.677Z","","","","","","KXETH15M-26MAY052145-45","9927c4ba-4d5a-4db9-bb1d-e39ff0307316","3.14","0","","","","","","","","","","","",""
"Order","Filled","","2026-05-06T00:20:53.955Z","","","","","","KXBTC15M-26MAY052030-30","0434358e-c6c9-4999-92bc-5a579fc004b3","1.49","0","","","","","","","","","","","",""
"Order","Filled","","2026-05-06T00:19:14.814Z","","","","","","KXBTC15M-26MAY052030-30","0434358e-c6c9-4999-92bc-5a579fc004b3","2.34","0","","","","","","","","","","","",""
"Order","Filled","","2026-05-06T00:18:09.720Z","","","","","","KXXRP15M-26MAY052030-30","fe517b99-dc9e-4f5c-9abb-21160d00794c","1.36","0","","","","","","","","","","","",""
"Order","Filled","","2026-05-06T00:17:42.746Z","","","","","","KXXRP15M-26MAY052030-30","fe517b99-dc9e-4f5c-9abb-21160d00794c","1.36","0","","","","","","","","","","","",""
"Order","Filled","","2026-05-06T00:14:39.591Z","","","","","","KXSOL15M-26MAY052015-15","ac04325f-2aac-41a5-afef-767d35fca15e","11.86","0","","","","","","","","","","","",""
"Order","Filled","","2026-05-06T00:08:28.471Z","","","","","","KXETH15M-26MAY052015-15","c2b402c8-092f-4f27-9de5-b92f264f0823","5.59","0","","","","","","","","","","","",""
"Order","Filled","","2026-05-06T00:06:04.588Z","","","","","","KXETH15M-26MAY052015-15","c2b402c8-092f-4f27-9de5-b92f264f0823","5.59","0","","","","","","","","","","","",""
"Order","Filled","","2026-05-05T22:51:49.668Z","","","","","","KXBTC15M-26MAY051900-00","d7df68d2-8062-47f0-8e54-08ab0dafeba2","2.89","0","","","","","","","","","","","",""
"Order","Filled","","2026-05-05T22:51:17.733Z","","","","","","KXETH15M-26MAY051900-00","22af52fb-c5af-4cea-a58c-80686139c69a","5.31","0","","","","","","","","","","","",""
"Order","Filled","","2026-05-05T20:28:03.221Z","","","","","","KXXRP15M-26MAY051630-30","4ee5b66a-0b96-4c94-87f0-5ac3de88e93d","5.47","0","","","","","","","","","","","",""
"Order","Filled","","2026-05-05T20:27:17.478Z","","","","","","KXXRP15M-26MAY051630-30","4ee5b66a-0b96-4c94-87f0-5ac3de88e93d","5.96","0","","","","","","","","","","","",""
"Order","Filled","","2026-05-05T20:26:27.953Z","","","","","","KXXRP15M-26MAY051630-30","4ee5b66a-0b96-4c94-87f0-5ac3de88e93d","5.96","0","","","","","","","","","","","",""
"Order","Filled","","2026-05-05T18:29:09.773Z","","","","","","KXETH15M-26MAY051430-30","cd5cd23d-a143-4702-934a-7d2a48a3a5b8","8.67","0","","","","","","","","","","","",""
"Order","Filled","","2026-05-05T18:25:05.884Z","","","","","","KXETH15M-26MAY051430-30","cd5cd23d-a143-4702-934a-7d2a48a3a5b8","8.67","0","","","","","","","","","","","",""
"Order","Filled","","2026-05-05T17:43:33.924Z","","","","","","KXSOL15M-26MAY051345-45","95933650-fffa-42c8-b1dc-8e72e8f35268","1.04","0","","","","","","","","","","","",""
"Order","Filled","","2026-05-05T17:39:55.498Z","","","","","","KXSOL15M-26MAY051345-45","95933650-fffa-42c8-b1dc-8e72e8f35268","1.7","0","","","","","","","","","","","",""
"Order","Filled","","2026-05-05T16:06:52.667Z","","","","","","KXXRP15M-26MAY051215-15","e8447911-d3ff-4160-98ea-c6174a04e610","4.27","0","","","","","","","","","","","",""
"Order","Filled","","2026-05-05T14:12:56.752Z","","","","","","KXETH15M-26MAY051015-15","46aad73e-25d7-4747-b470-4c3cd18193f8","6.8","0","","","","","","","","","","","",""
"Order","Filled","","2026-05-05T14:12:08.478Z","","","","","","KXETH15M-26MAY051015-15","46aad73e-25d7-4747-b470-4c3cd18193f8","6.8","0","","","","","","","","","","","",""
"Order","Filled","","2026-05-05T12:26:42.823Z","","","","","","KXBTC15M-26MAY050830-30","68759799-0a7a-4cf7-9af9-dffa8a3314e4","4.02","0","","","","","","","","","","","",""
"Order","Filled","","2026-05-05T12:21:05.114Z","","","","","","KXBTC15M-26MAY050830-30","68759799-0a7a-4cf7-9af9-dffa8a3314e4","4.02","0","","","","","","","","","","","",""
"Credit","Applied","0.02","2026-05-05T11:54:39.005Z","","","","","","","","","","","","","","","","","","","Volume Incentive for event KXETH15M-26MAY041530","incentive",""
"Order","Filled","","2026-05-05T11:40:01.302Z","","","","","","KXBTC15M-26MAY050745-45","a8486ca0-499f-4e04-a80b-ae897b0dea9b","3.94","0","","","","","","","","","","","",""
"Order","Filled","","2026-05-05T11:32:27.397Z","","","","","","KXBTC15M-26MAY050745-45","a8486ca0-499f-4e04-a80b-ae897b0dea9b","3.94","0","","","","","","","","","","","",""
"Order","Filled","","2026-05-05T10:22:17.917Z","","","","","","KXXRP15M-26MAY050630-30","ad7a82cf-8394-4a29-9d06-e8ab99e70099","1.09","0","","","","","","","","","","","",""
"Order","Filled","","2026-05-05T10:21:42.035Z","","","","","","KXXRP15M-26MAY050630-30","ad7a82cf-8394-4a29-9d06-e8ab99e70099","1.09","0","","","","","","","","","","","",""
"Order","Filled","","2026-05-05T09:59:06.843Z","","","","","","KXETH15M-26MAY050600-00","1438e146-244b-4683-a332-3a0e143d29b8","1.25","0","","","","","","","","","","","",""
"Order","Filled","","2026-05-05T09:58:15.493Z","","","","","","KXETH15M-26MAY050600-00","1438e146-244b-4683-a332-3a0e143d29b8","0.96","0","","","","","","","","","","","",""
"Order","Filled","","2026-05-05T09:57:05.375Z","","","","","","KXETH15M-26MAY050600-00","1438e146-244b-4683-a332-3a0e143d29b8","0.96","0","","","","","","","","","","","",""
"Order","Filled","","2026-05-05T08:58:55.419Z","","","","","","KXXRP15M-26MAY050500-00","2c34c710-c06b-4246-baa8-01bdf0a2a96c","0.62","0","","","","","","","","","","","",""
"Order","Filled","","2026-05-05T08:22:22.779Z","","","","","","KXXRP15M-26MAY050430-30","dea87d58-fb89-4fd7-95b4-959893ad6242","1.02","0","","","","","","","","","","","",""
"Order","Filled","","2026-05-05T08:09:45.856Z","","","","","","KXBTC15M-26MAY050415-15","0e502127-572c-4ad5-80d3-201eb30240fc","1.82","0","","","","","","","","","","","",""
"Order","Filled","","2026-05-05T08:08:51.128Z","","","","","","KXBTC15M-26MAY050415-15","0e502127-572c-4ad5-80d3-201eb30240fc","3.07","0","","","","","","","","","","","",""
"Order","Filled","","2026-05-05T08:02:28.684Z","","","","","","KXETH15M-26MAY050415-15","a4f7e08f-f5cd-4945-9c97-72e96da042d6","1.04","0","","","","","","","","","","","",""
"Order","Filled","","2026-05-05T07:52:13.068Z","","","","","","KXXRP15M-26MAY050400-00","2988de9b-96d1-44c3-a034-3e944693b701","1.46","0","","","","","","","","","","","",""
"Order","Filled","","2026-05-05T07:48:20.475Z","","","","","","KXXRP15M-26MAY050400-00","2988de9b-96d1-44c3-a034-3e944693b701","1.46","0","","","","","","","","","","","",""
"Order","Filled","","2026-05-05T07:39:41.002Z","","","","","","KXETH15M-26MAY050345-45","2e2b11f4-a918-4030-8470-7bcb4454c7d1","1.11","0","","","","","","","","","","","",""
"Order","Filled","","2026-05-05T07:39:31.223Z","","","","","","KXBTC15M-26MAY050345-45","f793b9ec-a2ea-4e64-885f-0e27a5ebd19a","1.28","0","","","","","","","","","","","",""
"Order","Filled","","2026-05-05T07:32:14.585Z","","","","","","KXBTC15M-26MAY050345-45","f793b9ec-a2ea-4e64-885f-0e27a5ebd19a","1.28","0","","","","","","","","","","","",""
"Order","Filled","","2026-05-05T07:31:24.638Z","","","","","","KXETH15M-26MAY050345-45","2e2b11f4-a918-4030-8470-7bcb4454c7d1","1.11","0","","","","","","","","","","","",""
"Order","Filled","","2026-05-05T07:25:09.685Z","","","","","","KXBTC15M-26MAY050330-30","2c540a4c-d3b4-4d65-aa4a-6b4759494150","0.98","0","","","","","","","","","","","",""
"Order","Filled","","2026-05-05T07:25:03.659Z","","","","","","KXETH15M-26MAY050330-30","e58ef19b-6a19-4fc7-8b2f-e00e65a3830c","1.11","0","","","","","","","","","","","",""
"Order","Filled","","2026-05-05T07:19:24.597Z","","","","","","KXBTC15M-26MAY050330-30","2c540a4c-d3b4-4d65-aa4a-6b4759494150","0.98","0","","","","","","","","","","","",""
"Order","Filled","","2026-05-05T07:18:47.444Z","","","","","","KXETH15M-26MAY050330-30","e58ef19b-6a19-4fc7-8b2f-e00e65a3830c","1.11","0","","","","","","","","","","","",""
"Order","Filled","","2026-05-05T07:11:03.187Z","","","","","","KXBTC15M-26MAY050315-15","c364bade-6f96-4edf-9155-0e112e39c899","0.68","0","","","","","","","","","","","",""
"Order","Filled","","2026-05-05T07:10:14.439Z","","","","","","KXETH15M-26MAY050315-15","f07aef06-566b-41fa-84d1-f147893ac2db","1.05","0","","","","","","","","","","","",""
"Order","Filled","","2026-05-05T07:09:31.637Z","","","","","","KXETH15M-26MAY050315-15","f07aef06-566b-41fa-84d1-f147893ac2db","1.18","0","","","","","","","","","","","",""
"Order","Filled","","2026-05-05T07:09:03.204Z","","","","","","KXETH15M-26MAY050315-15","f07aef06-566b-41fa-84d1-f147893ac2db","0.82","0","","","","","","","","","","","",""
"Order","Filled","","2026-05-05T07:07:20.915Z","","","","","","KXETH15M-26MAY050315-15","f07aef06-566b-41fa-84d1-f147893ac2db","1.06","0","","","","","","","","","","","",""
"Order","Filled","","2026-05-05T07:05:35.385Z","","","","","","KXXRP15M-26MAY050315-15","26d915f5-65e6-4e8d-84a0-c6dc227ca547","1.7","0","","","","","","","","","","","",""
"Order","Filled","","2026-05-05T07:02:50.714Z","","","","","","KXXRP15M-26MAY050315-15","26d915f5-65e6-4e8d-84a0-c6dc227ca547","1.7","0","","","","","","","","","","","",""
"Order","Filled","","2026-05-05T06:40:38.895Z","","","","","","KXXRP15M-26MAY050245-45","d6f28045-768a-4e12-985c-8624fa978e8d","1.05","0","","","","","","","","","","","",""
"Order","Filled","","2026-05-05T05:51:08.098Z","","","","","","KXSOL15M-26MAY050200-00","f1eaf6f8-1911-4cb4-8e9c-82f1914dac27","0.96","0","","","","","","","","","","","",""
"Order","Filled","","2026-05-05T04:41:45.500Z","","","","","","KXETH15M-26MAY050045-45","de62802b-a59c-4286-887f-612ff66c2b5f","1","0","","","","","","","","","","","",""
"Order","Filled","","2026-05-05T04:28:40.110Z","","","","","","KXSOL15M-26MAY050030-30","37a0b087-17c3-4d30-b855-767bbc630091","0.96","0","","","","","","","","","","","",""
"Order","Filled","","2026-05-05T04:17:48.490Z","","","","","","KXETH15M-26MAY050030-30","3f305645-95b0-4196-b252-0bec40b139c0","1.36","0","","","","","","","","","","","",""
"Order","Filled","","2026-05-05T04:03:16.876Z","","","","","","KXSOL15M-26MAY050015-15","d371906a-fdbb-4f79-8851-2335baa07b18","1.56","0","","","","","","","","","","","",""
"Order","Filled","","2026-05-05T03:39:53.255Z","","","","","","KXSOL15M-26MAY042345-45","a302f2b3-5205-4671-b7f4-7c0189227139","0.9","0","","","","","","","","","","","",""
"Order","Filled","","2026-05-05T03:35:10.057Z","","","","","","KXSOL15M-26MAY042345-45","a302f2b3-5205-4671-b7f4-7c0189227139","0.9","0","","","","","","","","","","","",""
"Order","Filled","","2026-05-05T03:10:50.335Z","","","","","","KXETH15M-26MAY042315-15","583932d9-f0ae-4815-9f8a-19cae400880d","1.89","0","","","","","","","","","","","",""
"Order","Filled","","2026-05-05T03:08:37.217Z","","","","","","KXETH15M-26MAY042315-15","583932d9-f0ae-4815-9f8a-19cae400880d","1.89","0","","","","","","","","","","","",""
"Order","Filled","","2026-05-05T03:08:24.164Z","","","","","","KXETH15M-26MAY042315-15","583932d9-f0ae-4815-9f8a-19cae400880d","1.43","0","","","","","","","","","","","",""
"Order","Filled","","2026-05-05T03:07:57.624Z","","","","","","KXETH15M-26MAY042315-15","583932d9-f0ae-4815-9f8a-19cae400880d","1.43","0","","","","","","","","","","","",""
"Order","Filled","","2026-05-05T01:25:59.677Z","","","","","","KXSOL15M-26MAY042130-30","5b574539-c86c-4be8-b68b-7c957afcc8ec","1.06","0","","","","","","","","","","","",""
"Order","Filled","","2026-05-05T01:21:27.337Z","","","","","","KXETH15M-26MAY042130-30","63016204-6374-4c6e-b5b8-6ee1316feb2d","0.98","0","","","","","","","","","","","",""
"Order","Filled","","2026-05-05T01:19:52.110Z","","","","","","KXETH15M-26MAY042130-30","63016204-6374-4c6e-b5b8-6ee1316feb2d","0.98","0","","","","","","","","","","","",""
"Order","Filled","","2026-05-05T01:07:09.131Z","","","","","","KXBTC15M-26MAY042115-15","8179442c-d945-45af-8de4-ade785c9a9f6","1","0","","","","","","","","","","","",""
"Order","Filled","","2026-05-05T00:35:04.883Z","","","","","","KXXRP15M-26MAY042045-45","099e7a84-4741-458c-a0d6-6cd003343bea","7","0","","","","","","","","","","","",""
"Order","Filled","","2026-05-05T00:27:36.858Z","","","","","","KXETH15M-26MAY042030-30","45a8f764-7ffe-42e7-ab6d-bda1fc04654e","1.59","0","","","","","","","","","","","",""
"Order","Filled","","2026-05-05T00:18:06.968Z","","","","","","KXETH15M-26MAY042030-30","45a8f764-7ffe-42e7-ab6d-bda1fc04654e","1.59","0","","","","","","","","","","","",""
"Order","Filled","","2026-05-05T00:13:09.406Z","","","","","","KXSOL15M-26MAY042015-15","7812abfc-fd7d-49d3-a67e-fa398ed0505f","16.01","0","","","","","","","","","","","",""
"Order","Filled","","2026-05-04T23:52:36.922Z","","","","","","KXBTC15M-26MAY042000-00","cfe2de56-5141-411f-bb9d-c7bfa430c38e","4.98","0","","","","","","","","","","","",""
"Order","Filled","","2026-05-04T23:51:38.724Z","","","","","","KXBTC15M-26MAY042000-00","cfe2de56-5141-411f-bb9d-c7bfa430c38e","4.98","0","","","","","","","","","","","",""
"Order","Filled","","2026-05-04T23:49:42.845Z","","","","","","KXXRP15M-26MAY042000-00","c8104b77-5e7f-4f15-83ed-c4eb2ec8a9ac","2.13","0","","","","","","","","","","","",""
"Order","Filled","","2026-05-04T23:48:50.727Z","","","","","","KXXRP15M-26MAY042000-00","c8104b77-5e7f-4f15-83ed-c4eb2ec8a9ac","2.13","0","","","","","","","","","","","",""
"Order","Filled","","2026-05-04T23:00:39.319Z","","","","","","KXSOL15M-26MAY041915-15","fd22512a-54d5-4cb5-8895-14c7066a8e3b","2.95","0","","","","","","","","","","","",""
"Order","Filled","","2026-05-04T22:59:33.801Z","","","","","","KXSOL15M-26MAY041900-00","ac1acc7b-d1a8-4c67-842a-8a2e15095815","3.11","0","","","","","","","","","","","",""
"Order","Filled","","2026-05-04T22:13:52.905Z","","","","","","KXSOL15M-26MAY041815-15","e6d8af61-09ce-4ced-a1bf-fd55c9ed3415","9.4","0","","","","","","","","","","","",""
"Order","Filled","","2026-05-04T22:05:55.328Z","","","","","","KXBTC15M-26MAY041815-15","caf5c07d-3676-4b32-b608-0660addbe880","12.58","0","","","","","","","","","","","",""
"Order","Filled","","2026-05-04T22:02:17.218Z","","","","","","KXETH15M-26MAY041815-15","f5ccd12a-b201-4b5e-bda1-f89372fb0555","16.67","0","","","","","","","","","","","",""
"Order","Filled","","2026-05-04T21:59:57.484Z","","","","","","KXXRP15M-26MAY041800-00","5a240a16-7dc0-4f3f-be68-b5fa1dbd9c4d","8.51","0","","","","","","","","","","","",""
"Order","Filled","","2026-05-04T21:57:17.661Z","","","","","","KXSOL15M-26MAY041800-00","3585cf24-4956-457e-b2e4-91509e9972c2","6.56","0","","","","","","","","","","","",""
"Order","Filled","","2026-05-04T21:33:00.253Z","","","","","","KXSOL15M-26MAY041745-45","907037e9-7419-4801-b12f-7972cd44549a","10.2","0","","","","","","","","","","","",""
"Order","Filled","","2026-05-04T21:24:12.252Z","","","","","","KXBTC15M-26MAY041730-30","a3589a00-f0f0-4275-87be-400eae29347a","69","0","","","","","","","","","","","",""
"Order","Filled","","2026-05-04T19:21:18.014Z","","","","","","KXETH15M-26MAY041530-30","db774624-e6a0-4e1f-aaca-e5bc0f895534","5.25","0","","","","","","","","","","","",""
"Order","Filled","","2026-05-04T19:18:30.245Z","","","","","","KXETH15M-26MAY041530-30","db774624-e6a0-4e1f-aaca-e5bc0f895534","14.91","0","","","","","","","","","","","",""
"Order","Filled","","2026-05-04T19:10:50.973Z","","","","","","KXETH15M-26MAY041515-15","4ff93be6-5dee-44b1-9ea9-b8589cb133cf","6.69","0","","","","","","","","","","","",""
"Order","Filled","","2026-05-04T19:07:57.723Z","","","","","","KXBTC15M-26MAY041515-15","fa7a80e8-e0a0-4877-8ab5-c24b2022b1bc","10.04","0","","","","","","","","","","","",""
"Order","Filled","","2026-05-04T18:57:37.643Z","","","","","","KXSOL15M-26MAY041500-00","743ec958-b9b3-45b4-8eb9-ab4dd7211ca5","7.6","0","","","","","","","","","","","",""
"Order","Filled","","2026-05-04T18:55:49.761Z","","","","","","KXSOL15M-26MAY041500-00","743ec958-b9b3-45b4-8eb9-ab4dd7211ca5","10.04","0","","","","","","","","","","","",""
"Order","Filled","","2026-05-04T18:50:28.068Z","","","","","","KXSOL15M-26MAY041500-00","743ec958-b9b3-45b4-8eb9-ab4dd7211ca5","10.04","0","","","","","","","","","","","",""
"Order","Filled","","2026-05-04T18:31:28.376Z","","","","","","KXSOL15M-26MAY041445-45","d593cef4-c112-4c14-8726-5b1f97962702","6.15","0","","","","","","","","","","","",""
"Order","Filled","","2026-05-04T17:19:11.031Z","","","","","","KXBTC15M-26MAY041330-30","24f1e821-3ac4-4c9d-abc9-56343e05c353","4.47","0","","","","","","","","","","","",""
"Order","Filled","","2026-05-04T16:10:43.584Z","","","","","","KXBTC15M-26MAY041215-15","ae1d29e2-0faa-4baf-b6e0-a32db879636e","30.05","0","","","","","","","","","","","",""
"Order","Filled","","2026-05-04T16:10:04.900Z","","","","","","KXBTC15M-26MAY041215-15","ae1d29e2-0faa-4baf-b6e0-a32db879636e","10.44","0","","","","","","","","","","","",""
"Order","Filled","","2026-05-04T16:08:14.478Z","","","","","","KXBTC15M-26MAY041215-15","ae1d29e2-0faa-4baf-b6e0-a32db879636e","10.44","0","","","","","","","","","","","",""
"Order","Filled","","2026-05-04T15:59:17.253Z","","","","","","KXBTCD-26MAY0412-T79999.99","d48beba0-2320-4076-ab2c-827d52b4c6bd","4.79","0","","","","","","","","","","","",""
"Order","Filled","","2026-05-04T15:56:40.076Z","","","","","","KXBTCD-26MAY0412-T79999.99","d48beba0-2320-4076-ab2c-827d52b4c6bd","4.79","0","","","","","","","","","","","",""
"Order","Filled","","2026-05-04T15:55:30.415Z","","","","","","KXBTC15M-26MAY041200-00","ddbdb01e-ca33-4046-8b81-5f052ecdbd26","10.08","0","","","","","","","","","","","",""
"Order","Filled","","2026-05-04T15:53:53.591Z","","","","","","KXBTC15M-26MAY041200-00","ddbdb01e-ca33-4046-8b81-5f052ecdbd26","10.08","0","","","","","","","","","","","",""
"Order","Filled","","2026-05-04T15:44:04.509Z","","","","","","KXBTC15M-26MAY041145-45","e7e6800c-2178-47e2-9716-95d3f2d8ca51","11.11","0","","","","","","","","","","","",""
"Order","Filled","","2026-05-04T15:42:37.957Z","","","","","","KXETH15M-26MAY041145-45","88aecd8a-081a-414c-a812-827d1b376f3e","3.58","0","","","","","","","","","","","",""
"Order","Filled","","2026-05-04T15:38:09.052Z","","","","","","KXETH15M-26MAY041145-45","88aecd8a-081a-414c-a812-827d1b376f3e","3.58","0","","","","","","","","","","","",""
"Order","Filled","","2026-05-04T15:21:47.463Z","","","","","","KXBTC15M-26MAY041130-30","9caf15be-213b-4b32-bc9a-3187280890b0","6.73","0","","","","","","","","","","","",""
"Order","Filled","","2026-05-04T15:21:04.394Z","","","","","","KXBTC15M-26MAY041130-30","9caf15be-213b-4b32-bc9a-3187280890b0","6.73","0","","","","","","","","","","","",""
"Order","Filled","","2026-05-04T15:02:55.249Z","","","","","","KXXRP15M-26MAY041115-15","e4f16581-ea66-43e3-b2c4-41621997312a","4.47","0","","","","","","","","","","","",""
"Order","Filled","","2026-05-04T15:01:56.593Z","","","","","","KXBTC15M-26MAY041115-15","97265ab0-7621-4791-8933-94911ed76edb","8.1","0","","","","","","","","","","","",""
"Order","Filled","","2026-05-04T14:58:19.777Z","","","","","","KXBTCD-26MAY0411-T80299.99","f7c49973-73e1-4c88-88ac-bbae26f8833b","7.99","0","","","","","","","","","","","",""
"Order","Filled","","2026-05-04T14:54:41.731Z","","","","","","KXBTCD-26MAY0411-T80499.99","f2ed1a0f-9072-4eba-b65f-170bf12fcfc9","6.15","0","","","","","","","","","","","",""
"Order","Filled","","2026-05-04T14:52:08.883Z","","","","","","KXBTCD-26MAY0411-T80399.99","29d2cbe4-2703-4016-8ba8-160874d19a23","4.27","0","","","","","","","","","","","",""
"Order","Filled","","2026-05-04T14:51:37.869Z","","","","","","KXBTCD-26MAY0411-T79699.99","a502e5c7-14c9-48d4-a9f6-cc4ffc15d084","5.79","0","","","","","","","","","","","",""
"Order","Filled","","2026-05-04T14:47:11.851Z","","","","","","KXBTCD-26MAY0411-T79699.99","a502e5c7-14c9-48d4-a9f6-cc4ffc15d084","5.79","0","","","","","","","","","","","",""
"Order","Filled","","2026-05-04T13:44:30.905Z","","","","","","KXETH15M-26MAY040945-45","390301b5-8309-4d3b-8e97-f539e97d10fa","8.55","0","","","","","","","","","","","",""
"Credit","Applied","0.01","2026-05-04T11:50:36.651Z","","","","","","","","","","","","","","","","","","","Volume Incentive for event KXETH15M-26MAY031530","incentive",""
"Credit","Applied","0.02","2026-05-04T11:50:12.831Z","","","","","","","","","","","","","","","","","","","Volume Incentive for event KXETH15M-26MAY031345","incentive",""
"Credit","Applied","0.04","2026-05-04T11:48:07.740Z","","","","","","","","","","","","","","","","","","","Volume Incentive for event KXETH15M-26MAY031545","incentive",""
"Order","Filled","","2026-05-04T06:38:12.424Z","","","","","","KXSOL15M-26MAY040245-45","cd322efd-1076-403c-b498-c8d4522cf144","8.97","0","","","","","","","","","","","",""
"Order","Filled","","2026-05-04T05:25:44.309Z","","","","","","KXXRP15M-26MAY040130-30","dfb72097-aa2e-4336-9d04-29c1c716f2b0","51.93","0","","","","","","","","","","","",""
"Order","Filled","","2026-05-04T05:11:49.081Z","","","","","","KXBTC15M-26MAY040115-15","813e2dcf-88dd-4bb3-90c6-b3fbae778d93","24.41","0","","","","","","","","","","","",""
"Order","Filled","","2026-05-04T05:09:22.886Z","","","","","","KXBTC15M-26MAY040115-15","813e2dcf-88dd-4bb3-90c6-b3fbae778d93","7.66","0","","","","","","","","","","","",""
"Order","Filled","","2026-05-04T05:05:51.946Z","","","","","","KXBTC15M-26MAY040115-15","813e2dcf-88dd-4bb3-90c6-b3fbae778d93","3.14","0","","","","","","","","","","","",""
"Order","Filled","","2026-05-04T03:57:37Z","","","","","","KXXRP15M-26MAY040000-00","93684318-09f6-4c7e-8dc7-04376da252b9","5.19","0","","","","","","","","","","","",""
"Order","Filled","","2026-05-04T00:38:24.021Z","","","","","","KXXRP15M-26MAY032045-45","4410fa3e-fd0d-44fb-adf9-fddbddadf463","9.23","0","","","","","","","","","","","",""
"Order","Filled","","2026-05-04T00:34:25.445Z","","","","","","KXXRP15M-26MAY032045-45","4410fa3e-fd0d-44fb-adf9-fddbddadf463","9.23","0","","","","","","","","","","","",""
"Order","Filled","","2026-05-03T21:54:13.640Z","","","","","","KXSOL15M-26MAY031800-00","33cde0ea-720b-4344-a394-8312d77657f5","7.61","0","","","","","","","","","","","",""
"Order","Filled","","2026-05-03T21:48:02.277Z","","","","","","KXSOL15M-26MAY031800-00","33cde0ea-720b-4344-a394-8312d77657f5","7.61","0","","","","","","","","","","","",""
"Order","Filled","","2026-05-03T20:40:58.365Z","","","","","","KXXRP15M-26MAY031645-45","64ef9f2a-ccab-461e-a391-259905f96c27","7.91","0","","","","","","","","","","","",""
"Order","Filled","","2026-05-03T20:25:17.164Z","","","","","","KXXRP15M-26MAY031630-30","702be2c6-79d2-4a50-af03-7897501b4888","10.06","0","","","","","","","","","","","",""
"Order","Filled","","2026-05-03T20:24:23.588Z","","","","","","KXXRP15M-26MAY031630-30","702be2c6-79d2-4a50-af03-7897501b4888","10.06","0","","","","","","","","","","","",""
"Order","Filled","","2026-05-03T19:37:45.811Z","","","","","","KXETH15M-26MAY031545-45","7352f351-2d69-469b-a9c5-61aaed67e055","8.32","0","","","","","","","","","","","",""
"Order","Filled","","2026-05-03T19:33:02.588Z","","","","","","KXETH15M-26MAY031545-45","7352f351-2d69-469b-a9c5-61aaed67e055","8.1","0","","","","","","","","","","","",""
"Order","Filled","","2026-05-03T19:31:46.763Z","","","","","","KXETH15M-26MAY031545-45","7352f351-2d69-469b-a9c5-61aaed67e055","8.1","0","","","","","","","","","","","",""
"Order","Filled","","2026-05-03T19:27:56.726Z","","","","","","KXSOL15M-26MAY031530-30","a1f81dba-62d7-4b8a-a98d-fa65b6615d13","3.8","0","","","","","","","","","","","",""
"Order","Filled","","2026-05-03T19:23:28.862Z","","","","","","KXSOL15M-26MAY031530-30","a1f81dba-62d7-4b8a-a98d-fa65b6615d13","5.04","0","","","","","","","","","","","",""
"Order","Filled","","2026-05-03T19:19:17.807Z","","","","","","KXETH15M-26MAY031530-30","94883663-f88f-4dfe-b3a2-242cd6f60667","8.94","0","","","","","","","","","","","",""
"Order","Filled","","2026-05-03T19:13:27.574Z","","","","","","KXXRP15M-26MAY031515-15","74a6a112-5b4c-47ed-8fbc-1173d3b2f0ed","8.02","0","","","","","","","","","","","",""
"Order","Filled","","2026-05-03T19:11:40.311Z","","","","","","KXXRP15M-26MAY031515-15","74a6a112-5b4c-47ed-8fbc-1173d3b2f0ed","8.02","0","","","","","","","","","","","",""
"Order","Filled","","2026-05-03T19:09:10.061Z","","","","","","KXBTC15M-26MAY031515-15","5af1e70b-cef2-4d0a-a9ed-bbdcd24486ba","7.76","0","","","","","","","","","","","",""
"Order","Filled","","2026-05-03T19:08:17.938Z","","","","","","KXBTC15M-26MAY031515-15","5af1e70b-cef2-4d0a-a9ed-bbdcd24486ba","7.76","0","","","","","","","","","","","",""
"Order","Filled","","2026-05-03T18:56:35.079Z","","","","","","KXETH15M-26MAY031500-00","9ee05b50-7410-47e4-b3a4-ed1c58e4bf74","6.15","0","","","","","","","","","","","",""
"Order","Filled","","2026-05-03T18:54:42.794Z","","","","","","KXETH15M-26MAY031500-00","9ee05b50-7410-47e4-b3a4-ed1c58e4bf74","3.73","0","","","","","","","","","","","",""
"Order","Filled","","2026-05-03T17:44:07.856Z","","","","","","KXETH15M-26MAY031345-45","f71e2ec5-5da4-403e-a429-7ac8b2fb3b6c","4.91","0","","","","","","","","","","","",""
"Order","Filled","","2026-05-03T17:41:34.812Z","","","","","","KXETH15M-26MAY031345-45","f71e2ec5-5da4-403e-a429-7ac8b2fb3b6c","3.62","0","","","","","","","","","","","",""
"Order","Filled","","2026-05-03T17:39:52.255Z","","","","","","KXETH15M-26MAY031345-45","f71e2ec5-5da4-403e-a429-7ac8b2fb3b6c","22.56","0","","","","","","","","","","","",""
"Order","Filled","","2026-05-03T17:38:19.019Z","","","","","","KXETH15M-26MAY031345-45","f71e2ec5-5da4-403e-a429-7ac8b2fb3b6c","22.56","0","","","","","","","","","","","",""
"Order","Filled","","2026-05-03T17:27:32.088Z","","","","","","KXETH15M-26MAY031330-30","c285468b-d152-4432-b380-3e77cf26e551","46.75","0","","","","","","","","","","","",""
"Order","Filled","","2026-05-03T16:14:00.453Z","","","","","","KXBTC15M-26MAY031215-15","d72b5299-ff15-4821-b322-535df61604f4","77.8","0","","","","","","","","","","","",""
"Order","Filled","","2026-05-03T15:52:49.788Z","","","","","","KXBTC15M-26MAY031200-00","394a7417-c02f-4dd9-8a90-5286e12cd9fe","6.73","0","","","","","","","","","","","",""
"Order","Filled","","2026-05-03T15:50:42.422Z","","","","","","KXBTC15M-26MAY031200-00","394a7417-c02f-4dd9-8a90-5286e12cd9fe","10.65","0","","","","","","","","","","","",""
"Order","Filled","","2026-05-03T15:48:15.693Z","","","","","","KXSOL15M-26MAY031200-00","c67a76b3-9238-48b0-9895-dcaefcca5207","2.34","0","","","","","","","","","","","",""
"Order","Filled","","2026-05-03T15:44:30.390Z","","","","","","KXBTC15M-26MAY031145-45","842d26ea-1c4b-46b6-ad5c-d7317a8cc6a2","177.6","0","","","","","","","","","","","",""
"Order","Filled","","2026-05-03T15:44:04.084Z","","","","","","KXETH15M-26MAY031145-45","d14740cb-c029-4982-86b5-fdc489468369","65.45","0","","","","","","","","","","","",""
"Order","Filled","","2026-05-03T12:56:18.767Z","","","","","","KXETH15M-26MAY030900-00","d601a11e-e68f-4604-a5b9-e3b8db9c6f8d","5.25","0","","","","","","","","","","","",""
"Credit","Applied","0.01","2026-05-03T11:49:41.597Z","","","","","","","","","","","","","","","","","","","Volume Incentive for event KXETH15M-26MAY022345","incentive",""
"Order","Filled","","2026-05-03T11:05:24.051Z","","","","","","KXBTC15M-26MAY030715-15","f74383a4-0c94-41da-9175-5c5d182c04e5","8.04","0","","","","","","","","","","","",""
"Order","Filled","","2026-05-03T10:54:38.114Z","","","","","","KXSOL15M-26MAY030700-00","e58aa706-a087-484d-9b20-580a02430ab6","2.51","0","","","","","","","","","","","",""
"Order","Filled","","2026-05-03T10:53:07.262Z","","","","","","KXSOL15M-26MAY030700-00","e58aa706-a087-484d-9b20-580a02430ab6","5.32","0","","","","","","","","","","","",""
"Order","Filled","","2026-05-03T10:49:23.652Z","","","","","","KXSOL15M-26MAY030700-00","e58aa706-a087-484d-9b20-580a02430ab6","3.62","0","","","","","","","","","","","",""
"Order","Filled","","2026-05-03T10:48:33.233Z","","","","","","KXBTC15M-26MAY030700-00","3761f0d6-791e-4a00-97bd-0d97092ac88d","1.33","0","","","","","","","","","","","",""
"Order","Filled","","2026-05-03T08:29:11.121Z","","","","","","KXBTC15M-26MAY030430-30","56a5f4de-90c2-4d09-a7bf-8b7e8de51677","20.24","0","","","","","","","","","","","",""
"Order","Filled","","2026-05-03T08:14:04.463Z","","","","","","KXETH15M-26MAY030415-15","8b18fb68-5fb9-4dfe-a908-3d2c35308e41","25.38","0","","","","","","","","","","","",""
"Order","Filled","","2026-05-03T08:13:45.329Z","","","","","","KXBTC15M-26MAY030415-15","5efe0fed-7fc3-469a-b4b9-ceed6b7f480d","271.1","0","","","","","","","","","","","",""
"Order","Filled","","2026-05-03T05:05:30.186Z","","","","","","KXSOL15M-26MAY030115-15","601e2bff-dd7d-40c4-b94a-197a38f47543","3.23","0","","","","","","","","","","","",""
"Order","Filled","","2026-05-03T05:03:59.952Z","","","","","","KXSOL15M-26MAY030115-15","601e2bff-dd7d-40c4-b94a-197a38f47543","3.23","0","","","","","","","","","","","",""
"Order","Filled","","2026-05-03T04:58:59.485Z","","","","","","KXXRP15M-26MAY030100-00","78883b6d-32a0-49ea-825b-17a5641dd36f","35.26","0","","","","","","","","","","","",""
"Order","Filled","","2026-05-03T04:54:46.644Z","","","","","","KXSOL15M-26MAY030100-00","22f91d67-f373-4cab-86ce-b1fdc3a2c15b","5.62","0","","","","","","","","","","","",""
"Order","Filled","","2026-05-03T04:51:56.374Z","","","","","","KXSOL15M-26MAY030100-00","22f91d67-f373-4cab-86ce-b1fdc3a2c15b","4.25","0","","","","","","","","","","","",""
"Order","Filled","","2026-05-03T04:49:57.331Z","","","","","","KXSOL15M-26MAY030100-00","22f91d67-f373-4cab-86ce-b1fdc3a2c15b","4.25","0","","","","","","","","","","","",""
"Order","Filled","","2026-05-03T04:40:09.989Z","","","","","","KXSOL15M-26MAY030045-45","a89c7d20-470a-46c3-b25e-3207c77639b2","4.73","0","","","","","","","","","","","",""
"Order","Filled","","2026-05-03T04:14:23.324Z","","","","","","KXETH15M-26MAY030015-15","b2be6e21-b42a-4656-ae1a-20bbab5a25a4","103.4","0","","","","","","","","","","","",""
"Order","Filled","","2026-05-03T03:59:52.256Z","","","","","","KXBTC15M-26MAY030000-00","23153d80-b746-43ec-b3c1-3ed9f8faeeb6","87.5","0","","","","","","","","","","","",""
"Order","Filled","","2026-05-03T03:59:10.326Z","","","","","","KXETH15M-26MAY030000-00","18c206ec-d988-45c0-97e7-fcf9011d9c48","93.51","0","","","","","","","","","","","",""
"Order","Filled","","2026-05-03T03:44:45.649Z","","","","","","KXETH15M-26MAY022345-45","b928cc8b-0201-43f8-947c-c663f92ab130","18.76","0","","","","","","","","","","","",""
"Order","Filled","","2026-05-03T03:43:50.311Z","","","","","","KXETH15M-26MAY022345-45","b928cc8b-0201-43f8-947c-c663f92ab130","18.76","0","","","","","","","","","","","",""
"Order","Filled","","2026-05-03T03:43:13.683Z","","","","","","KXETHD-26MAY0300-T2309.99","f32c6c40-0003-4661-9832-2f9f9d7f23b7","4.85","0","","","","","","","","","","","",""
"Order","Filled","","2026-05-03T03:20:02.313Z","","","","","","KXBTC15M-26MAY022330-30","aaa5d90d-20a4-47eb-92de-7c3279ac9b20","2.09","0","","","","","","","","","","","",""
"Order","Filled","","2026-05-03T02:44:01.480Z","","","","","","KXETH15M-26MAY022245-45","8b1c76eb-8867-4364-a2f3-4f8ef6900277","15.1","0","","","","","","","","","","","",""
"Order","Filled","","2026-05-03T02:34:10.060Z","","","","","","KXETH15M-26MAY022245-45","8b1c76eb-8867-4364-a2f3-4f8ef6900277","5.55","0","","","","","","","","","","","",""
"Order","Filled","","2026-05-03T02:10:08.481Z","","","","","","KXBTC15M-26MAY022215-15","02105f21-a503-4100-aaba-ac1c1de68473","2.45","0","","","","","","","","","","","",""
"Order","Filled","","2026-05-03T01:56:54.152Z","","","","","","KXETH15M-26MAY022200-00","56e00f4c-f11b-45a7-a25c-ade1bbf2b468","3.07","0","","","","","","","","","","","",""
"Order","Filled","","2026-05-03T01:47:58.723Z","","","","","","KXETH15M-26MAY022200-00","56e00f4c-f11b-45a7-a25c-ade1bbf2b468","3.07","0","","","","","","","","","","","",""
"Order","Filled","","2026-05-03T01:34:53.152Z","","","","","","KXETH15M-26MAY022145-45","7948f79f-a251-4018-8382-5b3b792186ff","2.01","0","","","","","","","","","","","",""
"Order","Filled","","2026-05-03T01:32:14.328Z","","","","","","KXETH15M-26MAY022145-45","7948f79f-a251-4018-8382-5b3b792186ff","2.01","0","","","","","","","","","","","",""
"Order","Filled","","2026-05-03T01:17:08.575Z","","","","","","KXETH15M-26MAY022130-30","769e9b90-caf3-423e-84d7-e5409ebe00ab","2.95","0","","","","","","","","","","","",""
"Order","Filled","","2026-05-03T00:43:31.597Z","","","","","","KXBTC15M-26MAY022045-45","a5322c6a-404c-4940-ad5d-b7db9f72b0d8","1.5","0","","","","","","","","","","","",""
"Order","Filled","","2026-05-03T00:36:58.111Z","","","","","","KXBTC15M-26MAY022045-45","a5322c6a-404c-4940-ad5d-b7db9f72b0d8","2.09","0","","","","","","","","","","","",""
"Order","Filled","","2026-05-03T00:36:42.545Z","","","","","","KXETH15M-26MAY022045-45","5c1475e5-5b7e-4156-8315-4a57a1b43a17","1.7","0","","","","","","","","","","","",""
"Order","Filled","","2026-05-03T00:32:05.187Z","","","","","","KXBTC15M-26MAY022045-45","a5322c6a-404c-4940-ad5d-b7db9f72b0d8","2.09","0","","","","","","","","","","","",""
"Order","Filled","","2026-05-03T00:01:58.647Z","","","","","","KXETH15M-26MAY022015-15","cfd402ab-8bef-4ade-8ec9-b955b5fc45e2","1.76","0","","","","","","","","","","","",""
"Order","Filled","","2026-05-02T17:14:23.966Z","","","","","","KXBTC15M-26MAY021315-15","3cda17c4-496e-4483-9bd8-420ac66fa2ee","9.35","0","","","","","","","","","","","",""
"Order","Filled","","2026-05-02T17:10:34.290Z","","","","","","KXBTC15M-26MAY021315-15","3cda17c4-496e-4483-9bd8-420ac66fa2ee","2.49","0","","","","","","","","","","","",""
"Order","Filled","","2026-05-02T17:08:53.170Z","","","","","","KXBTC15M-26MAY021315-15","3cda17c4-496e-4483-9bd8-420ac66fa2ee","2.49","0","","","","","","","","","","","",""
"Order","Filled","","2026-05-02T16:58:01.076Z","","","","","","KXETH15M-26MAY021300-00","100740f5-1325-49c0-93af-9e13304bc0ec","6.01","0","","","","","","","","","","","",""
"Order","Filled","","2026-05-02T16:42:21.052Z","","","","","","KXETH15M-26MAY021245-45","97f5970d-0944-4cc1-a7a4-c3c1ebdf5bc8","3.04","0","","","","","","","","","","","",""
"Order","Filled","","2026-05-02T16:40:55.257Z","","","","","","KXETH15M-26MAY021245-45","97f5970d-0944-4cc1-a7a4-c3c1ebdf5bc8","3.04","0","","","","","","","","","","","",""
"Order","Filled","","2026-05-02T16:38:11.103Z","","","","","","KXETH15M-26MAY021245-45","97f5970d-0944-4cc1-a7a4-c3c1ebdf5bc8","2.89","0","","","","","","","","","","","",""
"Order","Filled","","2026-05-02T16:33:46.532Z","","","","","","KXETH15M-26MAY021245-45","97f5970d-0944-4cc1-a7a4-c3c1ebdf5bc8","2.89","0","","","","","","","","","","","",""
"Order","Filled","","2026-05-02T16:21:21.521Z","","","","","","KXSOL15M-26MAY021230-30","ded76d1d-52de-473f-971c-649542d10514","2.2","0","","","","","","","","","","","",""
"Order","Filled","","2026-05-02T16:14:35.382Z","","","","","","KXXRP15M-26MAY021215-15","f8676f82-b466-4c26-9ab4-ea277f446aaf","3.8","0","","","","","","","","","","","",""
"Order","Filled","","2026-05-02T15:13:40.417Z","","","","","","KXBTC15M-26MAY021115-15","1f5056be-3749-4a44-9339-de1946ef09c6","3.04","0","","","","","","","","","","","",""
"Order","Filled","","2026-05-02T15:06:17.625Z","","","","","","KXBTC15M-26MAY021115-15","1f5056be-3749-4a44-9339-de1946ef09c6","3.04","0","","","","","","","","","","","",""
"Order","Filled","","2026-05-01T23:56:56.221Z","","","","","","KXBTC15M-26MAY012000-00","29d97ba2-9ed0-4a77-a47c-92ee11b06acc","4.41","0","","","","","","","","","","","",""
"Order","Filled","","2026-05-01T23:56:47.139Z","","","","","","KXETH15M-26MAY012000-00","b51efc9b-c5c4-4a66-a5d2-4ae6e57b8e73","4.94","0","","","","","","","","","","","",""
"Order","Filled","","2026-05-01T23:52:07.644Z","","","","","","KXETH15M-26MAY012000-00","b51efc9b-c5c4-4a66-a5d2-4ae6e57b8e73","4.94","0","","","","","","","","","","","",""
"Order","Filled","","2026-05-01T23:51:44.644Z","","","","","","KXBTC15M-26MAY012000-00","29d97ba2-9ed0-4a77-a47c-92ee11b06acc","4.41","0","","","","","","","","","","","",""
"Order","Filled","","2026-05-01T23:10:47.024Z","","","","","","KXBTC15M-26MAY011915-15","ca5b8075-2442-483b-9c36-571dc1bf7b58","6.2","0","","","","","","","","","","","",""
"Order","Filled","","2026-05-01T23:06:42.540Z","","","","","","KXBTC15M-26MAY011915-15","ca5b8075-2442-483b-9c36-571dc1bf7b58","2.18","0","","","","","","","","","","","",""
"Order","Filled","","2026-05-01T23:04:43.681Z","","","","","","KXBTC15M-26MAY011915-15","ca5b8075-2442-483b-9c36-571dc1bf7b58","4.02","0","","","","","","","","","","","",""
"Order","Filled","","2026-05-01T23:03:42.818Z","","","","","","KXBTC15M-26MAY011915-15","ca5b8075-2442-483b-9c36-571dc1bf7b58","4.57","0","","","","","","","","","","","",""
"Order","Filled","","2026-05-01T23:02:16.537Z","","","","","","KXBTC15M-26MAY011915-15","ca5b8075-2442-483b-9c36-571dc1bf7b58","4.57","0","","","","","","","","","","","",""
"Order","Filled","","2026-05-01T22:35:27.981Z","","","","","","KXBTC15M-26MAY011845-45","8bf3b5eb-3c5c-4644-a345-af17af7b9ad5","3.58","0","","","","","","","","","","","",""
"Order","Filled","","2026-05-01T22:32:28.409Z","","","","","","KXBTC15M-26MAY011845-45","8bf3b5eb-3c5c-4644-a345-af17af7b9ad5","3.58","0","","","","","","","","","","","",""
"Order","Filled","","2026-05-01T18:42:41.130Z","","","","","","KXBTC15M-26MAY011445-45","68774f82-fefd-4183-9483-471ac0cfba5c","2.79","0","","","","","","","","","","","",""
"Order","Filled","","2026-05-01T18:38:32.912Z","","","","","","KXBTC15M-26MAY011445-45","68774f82-fefd-4183-9483-471ac0cfba5c","2.79","0","","","","","","","","","","","",""
"Order","Filled","","2026-05-01T17:36:37.598Z","","","","","","KXBTC15M-26MAY011345-45","773131cd-6e7f-48d8-ac43-71fb2f862b76","2.68","0","","","","","","","","","","","",""
"Order","Filled","","2026-05-01T16:08:13.909Z","","","","","","KXSOL15M-26MAY011215-15","986a6290-6c81-4115-9212-783d0b7a084b","1.82","0","","","","","","","","","","","",""
"Order","Filled","","2026-05-01T13:44:03.631Z","","","","","","KXETH15M-26MAY010945-45","6385ca59-3396-4fbb-af75-d8392057cdfc","5.28","0","","","","","","","","","","","",""
"Order","Filled","","2026-05-01T13:43:02.613Z","","","","","","KXETH15M-26MAY010945-45","6385ca59-3396-4fbb-af75-d8392057cdfc","5.28","0","","","","","","","","","","","",""
"Order","Filled","","2026-05-01T13:16:27.636Z","","","","","","KXBTC15M-26MAY010930-30","60133d28-c305-4a46-b85e-4e119e0e5fbd","3.34","0","","","","","","","","","","","",""
"Order","Filled","","2026-05-01T11:28:51.568Z","","","","","","KXBTC15M-26MAY010730-30","e80d89e9-4efd-429b-96ab-e74d19789709","5.82","0","","","","","","","","","","","",""
"Order","Filled","","2026-05-01T11:11:45.863Z","","","","","","KXBTC15M-26MAY010715-15","f7486680-7194-44b5-a422-32df83e4ece3","1.52","0","","","","","","","","","","","",""
"Deposit","Applied","20","2026-05-01T10:40:25.002Z","","May 1, 2026 at 6:40:25 AM EDT","apm","0","","","","","","","","","","","","","","","","",""
"Order","Filled","","2026-05-01T09:56:22.591Z","","","","","","KXBTC15M-26MAY010600-00","5376d160-b4fc-4710-a07e-8acf30f32ded","3.45","0","","","","","","","","","","","",""
"Order","Filled","","2026-05-01T09:43:15.314Z","","","","","","KXETH15M-26MAY010545-45","2373d663-466d-48e9-83fb-ec51bf15cc45","0.63","0","","","","","","","","","","","",""
"Order","Filled","","2026-05-01T09:31:34.469Z","","","","","","KXETH15M-26MAY010545-45","2373d663-466d-48e9-83fb-ec51bf15cc45","0.63","0","","","","","","","","","","","",""
"Order","Filled","","2026-05-01T09:22:13.439Z","","","","","","KXBTC15M-26MAY010530-30","b9cf64d3-7744-4ee2-b51d-326ac50450a0","0.69","0","","","","","","","","","","","",""
"Order","Filled","","2026-05-01T08:56:39.719Z","","","","","","KXBTC15M-26MAY010500-00","446151b3-bc6f-4cf4-bd03-bc303d782945","1.79","0","","","","","","","","","","","",""
"Order","Filled","","2026-05-01T08:56:22.658Z","","","","","","KXBTC15M-26MAY010500-00","446151b3-bc6f-4cf4-bd03-bc303d782945","2.13","0","","","","","","","","","","","",""
"Order","Filled","","2026-05-01T08:55:25.558Z","","","","","","KXBTC15M-26MAY010500-00","446151b3-bc6f-4cf4-bd03-bc303d782945","2.13","0","","","","","","","","","","","",""
"Order","Filled","","2026-05-01T07:39:45.028Z","","","","","","KXBTC15M-26MAY010345-45","5635846d-2208-4bdd-a72b-9af2fdb113dd","1.54","0","","","","","","","","","","","",""
"Order","Filled","","2026-05-01T07:14:36.073Z","","","","","","KXBTC15M-26MAY010315-15","fc6834cc-9ace-47e2-a71f-52484d194d6a","3.17","0","","","","","","","","","","","",""
"Order","Filled","","2026-05-01T06:58:08.698Z","","","","","","KXETH15M-26MAY010300-00","430926e1-7f62-4a71-9a7a-445f80622600","3.17","0","","","","","","","","","","","",""
"Order","Filled","","2026-05-01T06:23:48.982Z","","","","","","KXETH15M-26MAY010230-30","69a152a6-9581-43ac-94eb-3a423f3ded1b","7.72","0","","","","","","","","","","","",""
"Order","Filled","","2026-05-01T06:21:32.857Z","","","","","","KXBTC15M-26MAY010230-30","e4925758-5917-4005-bf2a-a31980afe383","5.02","0","","","","","","","","","","","",""
"Order","Filled","","2026-05-01T06:19:45.026Z","","","","","","KXBTC15M-26MAY010230-30","e4925758-5917-4005-bf2a-a31980afe383","5.02","0","","","","","","","","","","","",""
"Order","Filled","","2026-05-01T06:13:16.119Z","","","","","","KXBTC15M-26MAY010215-15","2f14ab02-2934-445d-8ea3-cb23cd0bbd31","5.78","0","","","","","","","","","","","",""
"Order","Filled","","2026-05-01T06:09:42.332Z","","","","","","KXBTC15M-26MAY010215-15","2f14ab02-2934-445d-8ea3-cb23cd0bbd31","8.37","0","","","","","","","","","","","",""
"Order","Filled","","2026-05-01T06:07:43.070Z","","","","","","KXBTC15M-26MAY010215-15","2f14ab02-2934-445d-8ea3-cb23cd0bbd31","8.37","0","","","","","","","","","","","",""
"Order","Filled","","2026-05-01T06:06:59.291Z","","","","","","KXBTC15M-26MAY010215-15","2f14ab02-2934-445d-8ea3-cb23cd0bbd31","3.46","0","","","","","","","","","","","",""
"Order","Filled","","2026-05-01T06:06:23.558Z","","","","","","KXBTC15M-26MAY010215-15","2f14ab02-2934-445d-8ea3-cb23cd0bbd31","3.46","0","","","","","","","","","","","",""
"Order","Filled","","2026-05-01T05:58:52.447Z","","","","","","KXBTCD-26MAY0102-T77099.99","270e4c77-47ef-4cbe-9259-1e366837218e","9.35","0","","","","","","","","","","","",""
"Order","Filled","","2026-05-01T05:38:40.701Z","","","","","","KXBTC15M-26MAY010145-45","249c13ee-5bde-42dc-83d2-d6d3fed3a0c1","2.01","0","","","","","","","","","","","",""
"Order","Filled","","2026-05-01T05:27:29.181Z","","","","","","KXBTC15M-26MAY010130-30","dd62af93-9ca7-47a6-a572-68e18239485d","3.06","0","","","","","","","","","","","",""
"Order","Filled","","2026-05-01T04:59:23.707Z","","","","","","KXETH15M-26MAY010100-00","a8e6c7af-c6fc-4628-b7f4-7b1a8fe0da82","1.14","0","","","","","","","","","","","",""
"Order","Filled","","2026-05-01T04:58:15.614Z","","","","","","KXETH15M-26MAY010100-00","a8e6c7af-c6fc-4628-b7f4-7b1a8fe0da82","1.14","0","","","","","","","","","","","",""
"Order","Filled","","2026-05-01T04:55:37.023Z","","","","","","KXETH15M-26MAY010100-00","a8e6c7af-c6fc-4628-b7f4-7b1a8fe0da82","1.67","0","","","","","","","","","","","",""
"Order","Filled","","2026-05-01T04:55:10.357Z","","","","","","KXETH15M-26MAY010100-00","a8e6c7af-c6fc-4628-b7f4-7b1a8fe0da82","1.67","0","","","","","","","","","","","",""
"Order","Filled","","2026-05-01T04:40:36.708Z","","","","","","KXETH15M-26MAY010045-45","2f049822-885e-4b1e-b524-40369f55ad65","2.65","0","","","","","","","","","","","",""
"Order","Filled","","2026-05-01T02:55:57.075Z","","","","","","KXBTCD-26APR3023-T76499.99","9356422f-d2d3-40c1-94a1-a0a15aebd9ac","8.55","0","","","","","","","","","","","",""
"Order","Filled","","2026-05-01T02:27:38.598Z","","","","","","KXBTC15M-26APR302230-30","8e19dc67-6184-43fe-8a79-29a34cd5fbf3","9.37","0","","","","","","","","","","","",""
"Order","Filled","","2026-05-01T02:13:57.765Z","","","","","","KXBTC15M-26APR302215-15","5aaab98e-b8e7-4839-a49b-450b51f887f4","2.72","0","","","","","","","","","","","",""
"Order","Filled","","2026-05-01T02:10:21.421Z","","","","","","KXBTC15M-26APR302215-15","5aaab98e-b8e7-4839-a49b-450b51f887f4","2.72","0","","","","","","","","","","","",""
"Order","Filled","","2026-04-30T23:55:21.908Z","","","","","","KXBTC15M-26APR302000-00","eb098310-9be0-4c15-adf5-441ebd089f6a","1.93","0","","","","","","","","","","","",""
"Order","Filled","","2026-04-30T23:35:23.960Z","","","","","","KXBTC15M-26APR301945-45","3bd96b61-d5a1-4477-9434-44f0b70e44e4","4.94","0","","","","","","","","","","","",""
"Order","Filled","","2026-04-30T23:31:58.528Z","","","","","","KXBTC15M-26APR301945-45","3bd96b61-d5a1-4477-9434-44f0b70e44e4","4.94","0","","","","","","","","","","","",""
"Order","Filled","","2026-04-30T23:26:52.362Z","","","","","","KXETH15M-26APR301930-30","9a3dd518-8606-40f3-9a2b-5f024e718804","3.5","0","","","","","","","","","","","",""
"Order","Filled","","2026-04-30T19:47:46.349Z","","","","","","KXBTC15M-26APR301600-00","d40b6bce-bec1-49d4-a14f-c7e6d2bcc604","3.46","0","","","","","","","","","","","",""
"Order","Filled","","2026-04-30T19:34:07.188Z","","","","","","KXETH15M-26APR301545-45","719f44c5-82c6-464f-aae4-79c744fb139a","4.64","0","","","","","","","","","","","",""
"Order","Filled","","2026-04-30T19:33:43.828Z","","","","","","KXBTC15M-26APR301545-45","c5b8f0b8-d16d-46e8-b264-1140e4c55495","4.91","0","","","","","","","","","","","",""
"Order","Filled","","2026-04-30T18:11:14.466Z","","","","","","KXBTC15M-26APR301415-15","f5f66605-8694-4118-99d9-172f933c1e30","2.52","0","","","","","","","","","","","",""
"Order","Filled","","2026-04-30T18:07:11.427Z","","","","","","KXETH15M-26APR301415-15","5782252c-912e-4c34-b1c4-a0ef6ad1de16","3.19","0","","","","","","","","","","","",""
"Order","Filled","","2026-04-30T18:06:00.144Z","","","","","","KXBTC15M-26APR301415-15","f5f66605-8694-4118-99d9-172f933c1e30","2.52","0","","","","","","","","","","","",""
"Order","Filled","","2026-04-30T15:06:39.325Z","","","","","","KXBTC15M-26APR301115-15","7fbd4642-d913-4b4d-84b2-48889fe3b4f3","4.37","0","","","","","","","","","","","",""
"Order","Filled","","2026-04-30T14:46:15.811Z","","","","","","KXBTC15M-26APR301100-00","e91072b8-5bbc-47f3-bdef-c46094ff3417","3.52","0","","","","","","","","","","","",""
"Order","Filled","","2026-04-30T03:07:16.637Z","","","","","","KXSOL15M-26APR292315-15","eace2b52-3d61-43b5-b8f4-09c5f8245456","1.66","0","","","","","","","","","","","",""
"Order","Filled","","2026-04-30T02:58:33.522Z","","","","","","KXSOL15M-26APR292300-00","20d2f6a2-45a6-4c4c-b56d-eedd1460fe7c","2.01","0","","","","","","","","","","","",""
"Order","Filled","","2026-04-30T02:52:48.452Z","","","","","","KXSOL15M-26APR292300-00","20d2f6a2-45a6-4c4c-b56d-eedd1460fe7c","2.01","0","","","","","","","","","","","",""
"Order","Filled","","2026-04-30T02:20:06.466Z","","","","","","KXETH15M-26APR292230-30","761eced2-2288-40a8-aa66-0539732d84e7","3.24","0","","","","","","","","","","","",""
"Order","Filled","","2026-04-30T02:05:32.184Z","","","","","","KXETH15M-26APR292215-15","d276e7e1-94b9-4845-a185-cb6e441bff57","2.95","0","","","","","","","","","","","",""
"Order","Filled","","2026-04-30T01:47:09.297Z","","","","","","KXBTC15M-26APR292200-00","8b543c2f-87a9-400b-9c5b-2b726374083f","3.34","0","","","","","","","","","","","",""
"Order","Filled","","2026-04-30T00:07:52.621Z","","","","","","KXBTC15M-26APR292015-15","a819732d-b657-47d9-9ca5-07d384d57bb5","1.45","0","","","","","","","","","","","",""
"Order","Filled","","2026-04-29T23:48:31.925Z","","","","","","KXBTCD-26APR2920-T75799.99","8c4c0056-a648-4d58-bb76-143b46c627e9","1.26","0","","","","","","","","","","","",""
"Order","Filled","","2026-04-29T23:39:57.072Z","","","","","","KXSOL15M-26APR291945-45","857c7003-fb49-424f-b9da-82771f130719","3.86","0","","","","","","","","","","","",""
"Order","Filled","","2026-04-29T22:58:03.421Z","","","","","","KXBTC15M-26APR291900-00","a2e20308-0f03-46d8-a47f-6165e1694f7c","4.78","0","","","","","","","","","","","",""
"Order","Filled","","2026-04-29T22:55:53.702Z","","","","","","KXBTC15M-26APR291900-00","a2e20308-0f03-46d8-a47f-6165e1694f7c","6.28","0","","","","","","","","","","","",""
"Order","Filled","","2026-04-29T22:54:51.555Z","","","","","","KXBTC15M-26APR291900-00","a2e20308-0f03-46d8-a47f-6165e1694f7c","6.28","0","","","","","","","","","","","",""
"Order","Filled","","2026-04-29T22:53:25.926Z","","","","","","KXBTCD-26APR2919-T75899.99","3170fa5c-200a-4d0c-9920-5b91e13c6447","3.65","0","","","","","","","","","","","",""
"Order","Filled","","2026-04-29T22:50:25.716Z","","","","","","KXBTCD-26APR2919-T75899.99","3170fa5c-200a-4d0c-9920-5b91e13c6447","3.65","0","","","","","","","","","","","",""
"Order","Filled","","2026-04-29T22:45:45.799Z","","","","","","KXBTC15M-26APR291900-00","a2e20308-0f03-46d8-a47f-6165e1694f7c","1.72","0","","","","","","","","","","","",""
"Order","Filled","","2026-04-29T22:45:12.174Z","","","","","","KXBTC15M-26APR291900-00","a2e20308-0f03-46d8-a47f-6165e1694f7c","1.72","0","","","","","","","","","","","",""
"Order","Filled","","2026-04-29T22:43:43.298Z","","","","","","KXBTCD-26APR2919-T75899.99","3170fa5c-200a-4d0c-9920-5b91e13c6447","1.57","0","","","","","","","","","","","",""
"Order","Filled","","2026-04-29T22:41:47.955Z","","","","","","KXBTCD-26APR2919-T75899.99","3170fa5c-200a-4d0c-9920-5b91e13c6447","1.57","0","","","","","","","","","","","",""
"Order","Filled","","2026-04-29T22:28:05.434Z","","","","","","KXETH15M-26APR291830-30","29e84f60-134c-455b-9386-d89b4c1ab4e9","1.57","0","","","","","","","","","","","",""
"Order","Filled","","2026-04-29T22:19:22.323Z","","","","","","KXETH15M-26APR291830-30","29e84f60-134c-455b-9386-d89b4c1ab4e9","1.57","0","","","","","","","","","","","",""
"Order","Filled","","2026-04-29T22:11:11.347Z","","","","","","KXBTC15M-26APR291815-15","55389a76-068c-4a12-b80e-575a306241e0","1.39","0","","","","","","","","","","","",""
"Order","Filled","","2026-04-29T20:18:06.718Z","","","","","","KXBTC15M-26APR291630-30","f6102d0c-d6e1-467d-a2e9-1b1c67b245c6","2.23","0","","","","","","","","","","","",""
"Deposit","Applied","10","2026-04-29T19:11:48.051Z","","April 29, 2026 at 3:11:48 PM EDT","apm","0","","","","","","","","","","","","","","","","",""
"Order","Filled","","2026-04-29T17:54:52.775Z","","","","","","KXBTC15M-26APR291400-00","63f21e95-7d0d-4e1a-af22-c47eee69dc3e","1.96","0","","","","","","","","","","","",""
"Order","Filled","","2026-04-29T17:51:55.927Z","","","","","","KXBTC15M-26APR291400-00","63f21e95-7d0d-4e1a-af22-c47eee69dc3e","1.96","0","","","","","","","","","","","",""
"Order","Filled","","2026-04-29T15:58:31.964Z","","","","","","KXBTC15M-26APR291200-00","8a9daa51-81ab-4eaf-9182-d947e569dddc","1.76","0","","","","","","","","","","","",""
"Order","Filled","","2026-04-29T15:48:25.038Z","","","","","","KXBTC15M-26APR291200-00","8a9daa51-81ab-4eaf-9182-d947e569dddc","1.76","0","","","","","","","","","","","",""
"Order","Filled","","2026-04-29T15:34:08.452Z","","","","","","KXETH15M-26APR291145-45","805a7c43-2ea0-4802-9b6c-f5778e173fdc","2.91","0","","","","","","","","","","","",""
"Order","Filled","","2026-04-29T15:31:40.367Z","","","","","","KXETH15M-26APR291145-45","805a7c43-2ea0-4802-9b6c-f5778e173fdc","2.91","0","","","","","","","","","","","",""
"Deposit","Applied","18","2026-04-29T15:10:25.306Z","","April 29, 2026 at 11:10:25 AM EDT","apm","0","","","","","","","","","","","","","","","","",""
"Order","Filled","","2026-04-29T13:12:59.646Z","","","","","","KXETH15M-26APR290915-15","78871b04-75cc-4094-95af-0962d6fcd138","2.49","0","","","","","","","","","","","",""
"Order","Filled","","2026-04-29T12:55:45.098Z","","","","","","KXBTC15M-26APR290900-00","354773ea-3a67-4189-a74d-846896164a9b","1.47","0","","","","","","","","","","","",""
"Order","Filled","","2026-04-29T12:54:31.545Z","","","","","","KXBTC15M-26APR290900-00","354773ea-3a67-4189-a74d-846896164a9b","1.47","0","","","","","","","","","","","",""
"Order","Filled","","2026-04-29T12:41:12.338Z","","","","","","KXSOL15M-26APR290845-45","d90b73dd-2ef9-47f7-9b91-af87249cddb1","0.78","0","","","","","","","","","","","",""
"Order","Filled","","2026-04-29T11:46:42.587Z","","","","","","KXETH15M-26APR290800-00","9de71791-8f55-4521-b589-a5087b5278b8","0.73","0","","","","","","","","","","","",""
"Order","Filled","","2026-04-29T11:43:37.295Z","","","","","","KXBTC15M-26APR290745-45","b2d480fb-2323-429b-be42-068d0f623177","15.46","0","","","","","","","","","","","",""
"Order","Filled","","2026-04-29T11:09:29.507Z","","","","","","KXBTC15M-26APR290715-15","b006b049-3577-4971-972b-27b14a604ff9","1.41","0","","","","","","","","","","","",""
"Order","Filled","","2026-04-29T11:05:03.783Z","","","","","","KXBTC15M-26APR290715-15","b006b049-3577-4971-972b-27b14a604ff9","1.41","0","","","","","","","","","","","",""
"Order","Filled","","2026-04-29T10:09:02.781Z","","","","","","KXBTC15M-26APR290615-15","7c0352cf-5a70-4610-90ce-976066e4d1d9","1.79","0","","","","","","","","","","","",""
"Order","Filled","","2026-04-29T10:03:16.774Z","","","","","","KXBTC15M-26APR290615-15","7c0352cf-5a70-4610-90ce-976066e4d1d9","1.79","0","","","","","","","","","","","",""
"Order","Filled","","2026-04-29T09:57:58.215Z","","","","","","KXBTCD-26APR2906-T77599.99","a86b7f5e-eed3-4ed3-ac2d-6f7250d96f93","1.09","0","","","","","","","","","","","",""
"Order","Filled","","2026-04-29T09:52:58.850Z","","","","","","KXBTCD-26APR2906-T77699.99","88003063-9b0e-4631-84ab-30dfb17bcedc","0.83","0","","","","","","","","","","","",""
"Order","Filled","","2026-04-29T09:46:08.578Z","","","","","","KXBTC15M-26APR290600-00","b7ac8a36-68c3-4ed6-8308-5f1e8719a84f","0.7","0","","","","","","","","","","","",""
"Order","Filled","","2026-04-29T09:09:35.677Z","","","","","","KXSOL15M-26APR290515-15","12afd803-2913-4ce0-9fa5-899272ab7845","0.73","0","","","","","","","","","","","",""
"Order","Filled","","2026-04-29T08:50:30.300Z","","","","","","KXBTC15M-26APR290500-00","8d7fc4cd-d3fd-4507-9650-d8e8c7c677bb","0.85","0","","","","","","","","","","","",""
"Order","Filled","","2026-04-29T07:17:17.617Z","","","","","","KXBTC15M-26APR290330-30","ab10f8fd-be20-490b-9663-9dfb01286629","0.69","0","","","","","","","","","","","",""
"Order","Filled","","2026-04-29T04:50:19.907Z","","","","","","KXBTC15M-26APR290100-00","9d0ff55d-b804-46ce-b53c-c63b3ce14b3b","1.02","0","","","","","","","","","","","",""
"Order","Filled","","2026-04-29T04:14:10.050Z","","","","","","KXETH15M-26APR290015-15","b44993f6-14b4-448a-8274-4accd5857d0d","0.82","0","","","","","","","","","","","",""
"Order","Filled","","2026-04-29T04:08:27.795Z","","","","","","KXETH15M-26APR290015-15","b44993f6-14b4-448a-8274-4accd5857d0d","0.82","0","","","","","","","","","","","",""
"Order","Filled","","2026-04-29T02:33:25.391Z","","","","","","KXBTC15M-26APR282245-45","7f40261e-d863-4b39-bc49-b6ec4d56f8f5","1.47","0","","","","","","","","","","","",""
"Order","Filled","","2026-04-29T01:42:57.356Z","","","","","","KXSOL15M-26APR282145-45","d3aae750-950c-4c1f-a0a7-5a95fd2d1708","0.92","0","","","","","","","","","","","",""
"Order","Filled","","2026-04-29T01:34:02.614Z","","","","","","KXSOL15M-26APR282145-45","d3aae750-950c-4c1f-a0a7-5a95fd2d1708","0.92","0","","","","","","","","","","","",""
"Order","Filled","","2026-04-29T00:08:54.382Z","","","","","","KXXRP15M-26APR282015-15","c32937a7-d1e4-4803-a95b-5b8390ad16b8","1.15","0","","","","","","","","","","","",""
"Order","Filled","","2026-04-29T00:07:54.619Z","","","","","","KXXRP15M-26APR282015-15","c32937a7-d1e4-4803-a95b-5b8390ad16b8","0.75","0","","","","","","","","","","","",""
"Order","Filled","","2026-04-29T00:06:31.379Z","","","","","","KXXRP15M-26APR282015-15","c32937a7-d1e4-4803-a95b-5b8390ad16b8","0.75","0","","","","","","","","","","","",""
"Order","Filled","","2026-04-28T23:52:56.720Z","","","","","","KXXRP15M-26APR282000-00","349da834-a503-470a-b562-c01380c87990","0.28","0","","","","","","","","","","","",""
"Order","Filled","","2026-04-28T23:49:07.722Z","","","","","","KXXRP15M-26APR282000-00","349da834-a503-470a-b562-c01380c87990","0.63","0","","","","","","","","","","","",""
"Order","Filled","","2026-04-28T23:43:07.696Z","","","","","","KXBTC15M-26APR281945-45","aa07f8f4-4560-4ff8-a360-1799fceeccd8","0.45","0","","","","","","","","","","","",""
"Order","Filled","","2026-04-28T23:35:45.178Z","","","","","","KXBTC15M-26APR281945-45","aa07f8f4-4560-4ff8-a360-1799fceeccd8","0.45","0","","","","","","","","","","","",""
"Order","Filled","","2026-04-28T22:03:50.911Z","","","","","","KXBTC15M-26APR281815-15","4546a5c9-728a-41c7-ae5b-fc854435167e","0.81","0","","","","","","","","","","","",""
"Order","Filled","","2026-04-28T21:52:57.257Z","","","","","","KXBTCD-26APR2818-T76299.99","d760914b-975c-4a03-b3c5-c0df3c663ec7","0.92","0","","","","","","","","","","","",""
"Order","Filled","","2026-04-28T21:04:29.870Z","","","","","","KXETH15M-26APR281715-15","b49e23bf-ae97-4767-b3ff-71ff6f95f29b","0.96","0","","","","","","","","","","","",""
"Order","Filled","","2026-04-28T20:39:33.853Z","","","","","","KXETH15M-26APR281645-45","68fe3705-c0d7-4c57-a8d0-01a027dfe5f3","0.77","0","","","","","","","","","","","",""
"Order","Filled","","2026-04-28T20:16:21.281Z","","","","","","KXBTC15M-26APR281630-30","98a1e4e3-f668-4a13-b45b-2cbc64a79d55","1.79","0","","","","","","","","","","","",""
"Order","Filled","","2026-04-28T18:41:39.757Z","","","","","","KXBTC15M-26APR281445-45","84f4b8be-e3c9-4411-9f04-d57268591093","2.7","0","","","","","","","","","","","",""
"Order","Filled","","2026-04-28T18:41:06.694Z","","","","","","KXBTC15M-26APR281445-45","84f4b8be-e3c9-4411-9f04-d57268591093","1.38","0","","","","","","","","","","","",""
"Order","Filled","","2026-04-28T18:34:21.211Z","","","","","","KXBTC15M-26APR281445-45","84f4b8be-e3c9-4411-9f04-d57268591093","1.38","0","","","","","","","","","","","",""
"Order","Filled","","2026-04-28T16:18:10.585Z","","","","","","KXBTC15M-26APR281230-30","87f33287-2796-4762-8506-d06c595d12e8","0.71","0","","","","","","","","","","","",""
"Order","Filled","","2026-04-28T14:51:33.130Z","","","","","","KXBTC15M-26APR281100-00","1bb2a41f-f85f-46b7-b4bd-3dbde39e20e2","0.91","0","","","","","","","","","","","",""
"Order","Filled","","2026-04-28T14:48:40.948Z","","","","","","KXBTC15M-26APR281100-00","1bb2a41f-f85f-46b7-b4bd-3dbde39e20e2","0.91","0","","","","","","","","","","","",""
"Order","Filled","","2026-04-28T14:20:28.988Z","","","","","","KXBTC15M-26APR281030-30","be053dae-ee08-48f0-920a-8770c5877f1d","0.67","0","","","","","","","","","","","",""
"Order","Filled","","2026-04-28T13:03:40.058Z","","","","","","KXBTC15M-26APR280915-15","a6ea88e3-0b0a-4ce5-bb9b-2d70cec56a36","0.69","0","","","","","","","","","","","",""
"Order","Filled","","2026-04-28T04:43:41.283Z","","","","","","KXBTC15M-26APR280045-45","dac358bc-96e1-42af-be45-2ee4c86d2bea","2.9","0","","","","","","","","","","","",""
"Order","Filled","","2026-04-28T02:51:16.127Z","","","","","","KXBTC15M-26APR272300-00","d27f5dc5-d14e-4a5e-af05-8ba61fa1b248","2.49","0","","","","","","","","","","","",""
"Order","Filled","","2026-04-28T02:21:03.486Z","","","","","","KXETH15M-26APR272230-30","dec01297-f544-4a26-8e1e-e096c49b4ee9","0.92","0","","","","","","","","","","","",""
"Order","Filled","","2026-04-28T02:02:20.975Z","","","","","","KXBTC15M-26APR272215-15","089fe734-1be8-454d-b696-8483d1f6bafa","0.82","0","","","","","","","","","","","",""
"Order","Filled","","2026-04-28T01:48:21.391Z","","","","","","KXBTC15M-26APR272200-00","0b938645-7520-4d5b-bb1c-f067a5d3c325","1.53","0","","","","","","","","","","","",""
"Order","Filled","","2026-04-28T01:18:30.011Z","","","","","","KXXRP15M-26APR272130-30","d5228103-4654-4099-a19d-4f57b878cae3","1.5","0","","","","","","","","","","","",""
"Order","Filled","","2026-04-28T01:17:34.138Z","","","","","","KXXRP15M-26APR272130-30","d5228103-4654-4099-a19d-4f57b878cae3","1.5","0","","","","","","","","","","","",""
"Order","Filled","","2026-04-28T01:13:48.802Z","","","","","","KXSOL15M-26APR272115-15","0daa962e-118c-4182-9a88-de9a21f06d3e","0.94","0","","","","","","","","","","","",""
"Order","Filled","","2026-04-28T00:55:06.603Z","","","","","","KXXRP15M-26APR272100-00","0baf3ba8-bec6-4c63-9a31-d948e4dc7ef0","0.42","0","","","","","","","","","","","",""
"Order","Filled","","2026-04-27T22:29:05.506Z","","","","","","KXBTC15M-26APR271830-30","a76e02c1-3372-47e8-a33e-e88a14a9ab3d","0.82","0","","","","","","","","","","","",""
"Order","Filled","","2026-04-27T21:44:07.247Z","","","","","","KXBTC15M-26APR271745-45","ee472410-399a-4bb6-933d-56560d1c4d31","0.76","0","","","","","","","","","","","",""
"Order","Filled","","2026-04-27T21:43:17.946Z","","","","","","KXBTC15M-26APR271745-45","ee472410-399a-4bb6-933d-56560d1c4d31","0.76","0","","","","","","","","","","","",""
"Order","Filled","","2026-04-27T20:41:39.395Z","","","","","","KXBTCD-26APR2717-T76999.99","ab713fb5-00fd-43e9-a11d-3b315633c9b7","0.78","0","","","","","","","","","","","",""
"Order","Filled","","2026-04-27T19:59:04.146Z","","","","","","KXBTC15M-26APR271600-00","5fd492b2-1ac4-42c3-baa6-d5a0632e6745","88.8","0","","","","","","","","","","","",""
"Order","Filled","","2026-04-27T19:19:53.533Z","","","","","","KXSOL15M-26APR271530-30","23f40a7b-59f3-40ff-b65d-5315ec7b09b7","1.47","0","","","","","","","","","","","",""
"Order","Filled","","2026-04-27T19:17:30.180Z","","","","","","KXSOL15M-26APR271530-30","23f40a7b-59f3-40ff-b65d-5315ec7b09b7","1.47","0","","","","","","","","","","","",""
"Order","Filled","","2026-04-27T19:14:17.334Z","","","","","","KXXRP15M-26APR271515-15","b86c1af2-2373-4467-8330-6fe7fc970ab9","25.38","0","","","","","","","","","","","",""
"Order","Filled","","2026-04-27T18:58:23.092Z","","","","","","KXETH15M-26APR271500-00","1a1dc02b-fe23-4f13-a47a-57a3b64aea37","0.76","0","","","","","","","","","","","",""
"Order","Filled","","2026-04-27T18:51:57.674Z","","","","","","KXETH15M-26APR271500-00","1a1dc02b-fe23-4f13-a47a-57a3b64aea37","0.76","0","","","","","","","","","","","",""
"Order","Filled","","2026-04-27T18:21:23.334Z","","","","","","KXSOL15M-26APR271430-30","8f52fd18-448a-4992-8ed8-c658d0f9f774","1.54","0","","","","","","","","","","","",""
"Order","Filled","","2026-04-27T18:13:11.518Z","","","","","","KXXRP15M-26APR271415-15","bb64771a-a483-4ef1-941e-27f4be23be4f","0.82","0","","","","","","","","","","","",""
"Order","Filled","","2026-04-27T18:03:42.761Z","","","","","","KXXRP15M-26APR271415-15","bb64771a-a483-4ef1-941e-27f4be23be4f","0.82","0","","","","","","","","","","","",""
"Order","Filled","","2026-04-27T17:54:39.753Z","","","","","","KXXRP15M-26APR271400-00","2e54b108-5f29-437a-9384-9dbb41ec6389","1.17","0","","","","","","","","","","","",""
"Order","Filled","","2026-04-27T17:32:41.746Z","","","","","","KXXRP15M-26APR271345-45","4d1f4b34-8e68-4751-ad54-8c0d430e5aee","1.89","0","","","","","","","","","","","",""
"Order","Filled","","2026-04-27T17:06:57.770Z","","","","","","KXETH15M-26APR271315-15","cae30fea-cbb2-4764-bc8e-24fc8982cda7","3.62","0","","","","","","","","","","","",""
"Order","Filled","","2026-04-27T17:01:08.435Z","","","","","","KXETH15M-26APR271315-15","cae30fea-cbb2-4764-bc8e-24fc8982cda7","2.98","0","","","","","","","","","","","",""
"Order","Filled","","2026-04-27T16:39:37.953Z","","","","","","KXETH15M-26APR271245-45","a13b6edf-84d8-4a27-bdae-e45741093332","1.89","0","","","","","","","","","","","",""
"Order","Filled","","2026-04-27T16:35:31.534Z","","","","","","KXETH15M-26APR271245-45","a13b6edf-84d8-4a27-bdae-e45741093332","1.5","0","","","","","","","","","","","",""
"Order","Filled","","2026-04-27T16:34:38.463Z","","","","","","KXETH15M-26APR271245-45","a13b6edf-84d8-4a27-bdae-e45741093332","1.5","0","","","","","","","","","","","",""
"Order","Filled","","2026-04-27T16:20:21.194Z","","","","","","KXETH15M-26APR271230-30","475a0da4-4ed7-4345-addd-f901a48fe41b","3","0","","","","","","","","","","","",""
"Order","Filled","","2026-04-27T12:44:28.701Z","","","","","","KXBTC15M-26APR270845-45","d7e62bae-d6dd-41fa-bb81-627ca643738c","1.89","0","","","","","","","","","","","",""
"Order","Filled","","2026-04-27T03:23:14.525Z","","","","","","KXSOL15M-26APR262330-30","a8b6f88a-f113-4152-a199-2b2c89ad589e","1.57","0","","","","","","","","","","","",""
"Order","Filled","","2026-04-27T03:13:08.043Z","","","","","","KXSOL15M-26APR262315-15","f6bea95c-b839-4d16-934d-2e58adf967b4","1.67","0","","","","","","","","","","","",""
"Order","Filled","","2026-04-27T03:01:12.669Z","","","","","","KXSOL15M-26APR262315-15","f6bea95c-b839-4d16-934d-2e58adf967b4","1.67","0","","","","","","","","","","","",""
"Order","Filled","","2026-04-27T01:14:16.146Z","","","","","","KXETH15M-26APR262115-15","06fa7ab0-fb19-4d8e-8a78-f3615a0f0805","3.69","0","","","","","","","","","","","",""
"Order","Filled","","2026-04-27T00:53:31.155Z","","","","","","KXETH15M-26APR262100-00","89b498be-14f3-4e4d-8253-e62e1bac01b0","1.64","0","","","","","","","","","","","",""
"Order","Filled","","2026-04-27T00:46:41.612Z","","","","","","KXETH15M-26APR262100-00","89b498be-14f3-4e4d-8253-e62e1bac01b0","1.64","0","","","","","","","","","","","",""
"Order","Filled","","2026-04-26T23:12:42.510Z","","","","","","KXHYPE15M-26APR261915-15","9f112684-1e8d-44cf-8f7f-db5ef3df1865","1.36","0","","","","","","","","","","","",""
"Order","Filled","","2026-04-26T23:09:13.871Z","","","","","","KXHYPE15M-26APR261915-15","9f112684-1e8d-44cf-8f7f-db5ef3df1865","1.36","0","","","","","","","","","","","",""
"Order","Filled","","2026-04-26T19:58:35.435Z","","","","","","KXXRP15M-26APR261600-00","fa8884d4-f1e9-4f3f-bdc9-aa9862ad642a","2.45","0","","","","","","","","","","","",""
"Order","Filled","","2026-04-26T19:57:18.016Z","","","","","","KXXRP15M-26APR261600-00","fa8884d4-f1e9-4f3f-bdc9-aa9862ad642a","2.45","0","","","","","","","","","","","",""
"Order","Filled","","2026-04-26T19:36:18.896Z","","","","","","KXETH15M-26APR261545-45","56ba1d81-e476-47f9-8fcd-2f56c81946e8","4.43","0","","","","","","","","","","","",""
"Order","Filled","","2026-04-26T19:33:11.658Z","","","","","","KXETH15M-26APR261545-45","56ba1d81-e476-47f9-8fcd-2f56c81946e8","3.29","0","","","","","","","","","","","",""
"Order","Filled","","2026-04-26T19:31:16.417Z","","","","","","KXETH15M-26APR261545-45","56ba1d81-e476-47f9-8fcd-2f56c81946e8","3.29","0","","","","","","","","","","","",""
"Order","Filled","","2026-04-26T18:57:35.598Z","","","","","","KXETH15M-26APR261500-00","f46a45f0-ff44-41c2-bb0e-4d8836745282","4.37","0","","","","","","","","","","","",""
"Order","Filled","","2026-04-26T18:48:49.101Z","","","","","","KXETH15M-26APR261500-00","f46a45f0-ff44-41c2-bb0e-4d8836745282","4.37","0","","","","","","","","","","","",""
"Order","Filled","","2026-04-26T17:44:56.443Z","","","","","","KXSOL15M-26APR261345-45","c5d54967-8c25-44b9-8145-8608f44a557f","18.12","0","","","","","","","","","","","",""
"Order","Filled","","2026-04-26T16:59:12.553Z","","","","","","KXBTC15M-26APR261300-00","fb7158ca-a5e9-4709-b72d-6babc7b8fca5","27.93","0","","","","","","","","","","","",""
"Order","Filled","","2026-04-26T16:38:10.408Z","","","","","","KXHYPE15M-26APR261245-45","794de39f-4067-4a97-8428-0cc5aedfd081","0.29","0","","","","","","","","","","","",""
"Order","Filled","","2026-04-26T16:12:10.067Z","","","","","","KXBTC15M-26APR261215-15","4c88cd0d-845b-4706-896d-ca0042348ab4","0.26","0","","","","","","","","","","","",""
"Order","Filled","","2026-04-26T14:42:39.192Z","","","","","","KXETH15M-26APR261045-45","a8641da1-11fe-4adc-9557-298dbf862001","0.89","0","","","","","","","","","","","",""
"Order","Filled","","2026-04-26T12:24:22.750Z","","","","","","KXETH15M-26APR260830-30","fac61ca8-42ba-4cfd-93d9-f6ab9618807b","1.54","0","","","","","","","","","","","",""
"Order","Filled","","2026-04-26T12:19:47.989Z","","","","","","KXETH15M-26APR260830-30","fac61ca8-42ba-4cfd-93d9-f6ab9618807b","1.54","0","","","","","","","","","","","",""
"Credit","Applied","0.05","2026-04-26T11:53:37.144Z","","","","","","","","","","","","","","","","","","","Volume Incentive for event KXETH15M-26APR251130","incentive",""
"Order","Filled","","2026-04-26T11:53:14.567Z","","","","","","KXSOL15M-26APR260800-00","1b8b3207-3d08-4eca-ad21-2d72f6e79c56","0.29","0","","","","","","","","","","","",""
"Order","Filled","","2026-04-26T11:50:54.418Z","","","","","","KXETH15M-26APR260800-00","9f5ba1d6-7a6d-4d12-9990-981f86e8b554","0.53","0","","","","","","","","","","","",""
"Credit","Applied","0.02","2026-04-26T11:50:49.755Z","","","","","","","","","","","","","","","","","","","Volume Incentive for event KXETH15M-26APR250630","incentive",""
"Credit","Applied","0.02","2026-04-26T11:47:42.859Z","","","","","","","","","","","","","","","","","","","Volume Incentive for event KXETH15M-26APR251100","incentive",""
"Order","Filled","","2026-04-26T11:43:15.363Z","","","","","","KXETH15M-26APR260745-45","d3dfedcc-c175-4cfb-bc55-c738a23e308c","0.18","0","","","","","","","","","","","",""
"Order","Filled","","2026-04-26T11:33:02.797Z","","","","","","KXETH15M-26APR260745-45","d3dfedcc-c175-4cfb-bc55-c738a23e308c","0.18","0","","","","","","","","","","","",""
"Order","Filled","","2026-04-26T11:17:51.574Z","","","","","","KXBTC15M-26APR260730-30","f3306deb-48e1-43bd-b935-ece2a3c043b7","0.5","0","","","","","","","","","","","",""
"Order","Filled","","2026-04-26T10:59:23.821Z","","","","","","KXSOL15M-26APR260700-00","4c593fd0-3c34-42ab-b2cc-2e573b8a7027","8.47","0","","","","","","","","","","","",""
"Order","Filled","","2026-04-26T10:44:06.811Z","","","","","","KXETH15M-26APR260645-45","bc1b7e1c-89bc-40a3-8240-d77e7af3977b","7.65","0","","","","","","","","","","","",""
"Order","Filled","","2026-04-26T09:28:57.207Z","","","","","","KXBTC15M-26APR260530-30","42b751ba-5308-4806-a6e4-dd7bb114d5f1","0.36","0","","","","","","","","","","","",""
"Order","Filled","","2026-04-26T09:21:46.049Z","","","","","","KXBTC15M-26APR260530-30","42b751ba-5308-4806-a6e4-dd7bb114d5f1","4.25","0","","","","","","","","","","","",""
"Order","Filled","","2026-04-26T09:20:00.147Z","","","","","","KXBTC15M-26APR260530-30","42b751ba-5308-4806-a6e4-dd7bb114d5f1","4.25","0","","","","","","","","","","","",""
"Order","Filled","","2026-04-26T09:14:15.604Z","","","","","","KXBTC15M-26APR260515-15","40abeae9-3294-429f-ab64-24ba6a48034d","9.35","0","","","","","","","","","","","",""
"Order","Filled","","2026-04-26T01:29:41.623Z","","","","","","KXBTC15M-26APR252130-30","399194a5-3042-405c-a831-1c0bc7ee037e","103.3","0","","","","","","","","","","","",""
"Order","Filled","","2026-04-25T20:44:25.117Z","","","","","","KXETH15M-26APR251645-45","97e145cd-7bf7-4a50-8a16-38ed02667ff8","5.18","0","","","","","","","","","","","",""
"Order","Filled","","2026-04-25T20:35:45.791Z","","","","","","KXETH15M-26APR251645-45","97e145cd-7bf7-4a50-8a16-38ed02667ff8","5.18","0","","","","","","","","","","","",""
"Order","Filled","","2026-04-25T19:52:03.810Z","","","","","","KXETH15M-26APR251600-00","8c0b020b-8f0b-4ea8-a380-95a1224333a5","1.82","0","","","","","","","","","","","",""
"Order","Filled","","2026-04-25T18:28:04.569Z","","","","","","KXBTC15M-26APR251430-30","deb42651-b0c0-4a3a-8957-c49c99e7ac1b","1.52","0","","","","","","","","","","","",""
"Order","Filled","","2026-04-25T18:22:31.129Z","","","","","","KXBTC15M-26APR251430-30","deb42651-b0c0-4a3a-8957-c49c99e7ac1b","1.52","0","","","","","","","","","","","",""
"Order","Filled","","2026-04-25T18:21:28.382Z","","","","","","KXBTC15M-26APR251430-30","deb42651-b0c0-4a3a-8957-c49c99e7ac1b","5.58","0","","","","","","","","","","","",""
"Order","Filled","","2026-04-25T18:19:23.076Z","","","","","","KXBTC15M-26APR251430-30","deb42651-b0c0-4a3a-8957-c49c99e7ac1b","5.58","0","","","","","","","","","","","",""
"Order","Filled","","2026-04-25T18:01:14.916Z","","","","","","KXBTC15M-26APR251415-15","ea864083-a8d5-4bf3-a85e-c4e8b46d02d2","1.52","0","","","","","","","","","","","",""
"Order","Filled","","2026-04-25T16:17:23.519Z","","","","","","KXBTC15M-26APR251230-30","87b8f513-abd0-44a1-809f-d628c2417bfa","1.54","0","","","","","","","","","","","",""
"Order","Filled","","2026-04-25T16:05:54.678Z","","","","","","KXBTC15M-26APR251215-15","a54bdb93-29df-48ea-a56f-690623968781","3.4","0","","","","","","","","","","","",""
"Order","Filled","","2026-04-25T15:43:19.331Z","","","","","","KXBTC15M-26APR251145-45","f5a02725-14cc-403f-bedc-7962d1f4da84","2.09","0","","","","","","","","","","","",""
"Order","Filled","","2026-04-25T15:41:43.969Z","","","","","","KXBTC15M-26APR251145-45","f5a02725-14cc-403f-bedc-7962d1f4da84","2.09","0","","","","","","","","","","","",""
"Order","Filled","","2026-04-25T15:19:02.669Z","","","","","","KXETH15M-26APR251130-30","43ad8c31-df01-42b0-b361-0743aa909332","8.23","0","","","","","","","","","","","",""
"Order","Filled","","2026-04-25T15:18:28.522Z","","","","","","KXETH15M-26APR251130-30","43ad8c31-df01-42b0-b361-0743aa909332","8.23","0","","","","","","","","","","","",""
"Order","Filled","","2026-04-25T15:18:00.396Z","","","","","","KXETH15M-26APR251130-30","43ad8c31-df01-42b0-b361-0743aa909332","8.97","0","","","","","","","","","","","",""
"Order","Filled","","2026-04-25T15:15:42.983Z","","","","","","KXETH15M-26APR251130-30","43ad8c31-df01-42b0-b361-0743aa909332","8.97","0","","","","","","","","","","","",""
"Order","Filled","","2026-04-25T14:55:38.344Z","","","","","","KXMJSCHEDULE-27","70f79021-ff47-4728-9a96-b84c92eecad7","12.47","0","","","","","","","","","","","",""
"Order","Filled","","2026-04-25T14:55:08.962Z","","","","","","KXETH15M-26APR251100-00","4e1c57ba-e57e-45f0-840b-4aa9e23b912b","8.97","0","","","","","","","","","","","",""
"Order","Filled","","2026-04-25T14:54:19.520Z","","","","","","KXETH15M-26APR251100-00","4e1c57ba-e57e-45f0-840b-4aa9e23b912b","8.97","0","","","","","","","","","","","",""
"Order","Filled","","2026-04-25T14:53:43.851Z","","","","","","KXETH15M-26APR251100-00","4e1c57ba-e57e-45f0-840b-4aa9e23b912b","4.86","0","","","","","","","","","","","",""
"Order","Filled","","2026-04-25T14:52:17.908Z","","","","","","KXETH15M-26APR251100-00","4e1c57ba-e57e-45f0-840b-4aa9e23b912b","4.86","0","","","","","","","","","","","",""
"Order","Filled","","2026-04-25T14:42:21.045Z","","","","","","KXETH15M-26APR251045-45","d50556f6-10a8-4c34-8cbe-082714a1f937","7.5","0","","","","","","","","","","","",""
"Order","Filled","","2026-04-25T13:28:46.492Z","","","","","","KXETH15M-26APR250930-30","16e1f79e-b89c-41e2-a384-baa93870800f","7.42","0","","","","","","","","","","","",""
"Order","Filled","","2026-04-25T13:26:40.377Z","","","","","","KXETH15M-26APR250930-30","16e1f79e-b89c-41e2-a384-baa93870800f","7.42","0","","","","","","","","","","","",""
"Order","Filled","","2026-04-25T12:59:19.607Z","","","","","","KXBTC15M-26APR250900-00","1843140b-e2a9-475a-84da-1cd8df94b65d","6.15","0","","","","","","","","","","","",""
"Order","Filled","","2026-04-25T11:58:39.615Z","","","","","","KXETH15M-26APR250800-00","1ff8f184-12d9-4270-b81a-774a1dbc9385","2.23","0","","","","","","","","","","","",""
"Order","Filled","","2026-04-25T11:37:46.529Z","","","","","","KXETH15M-26APR250745-45","4812efab-4ab4-441d-b371-0ab5cc0c24a9","4.94","0","","","","","","","","","","","",""
"Order","Filled","","2026-04-25T11:32:35.865Z","","","","","","KXETH15M-26APR250745-45","4812efab-4ab4-441d-b371-0ab5cc0c24a9","4.94","0","","","","","","","","","","","",""
"Order","Filled","","2026-04-25T10:57:14.570Z","","","","","","KXETH15M-26APR250700-00","41643a88-85e6-4c0d-ae4b-127e789639e8","3.98","0","","","","","","","","","","","",""
"Order","Filled","","2026-04-25T10:48:45.803Z","","","","","","KXETH15M-26APR250700-00","41643a88-85e6-4c0d-ae4b-127e789639e8","3.98","0","","","","","","","","","","","",""
"Order","Filled","","2026-04-25T10:22:26.919Z","","","","","","KXETH15M-26APR250630-30","962d4832-deb5-460d-8a8e-b2102c4750c9","7.09","0","","","","","","","","","","","",""
"Order","Filled","","2026-04-25T10:14:12.073Z","","","","","","KXSOL15M-26APR250615-15","a87164bb-e0b7-4990-96b2-99461c1da06f","5.55","0","","","","","","","","","","","",""
"Order","Filled","","2026-04-25T10:11:55.010Z","","","","","","KXSOL15M-26APR250615-15","a87164bb-e0b7-4990-96b2-99461c1da06f","4.25","0","","","","","","","","","","","",""
"Order","Filled","","2026-04-25T10:08:59.807Z","","","","","","KXSOL15M-26APR250615-15","a87164bb-e0b7-4990-96b2-99461c1da06f","4.25","0","","","","","","","","","","","",""
"Order","Filled","","2026-04-25T05:21:07.363Z","","","","","","KXETH15M-26APR250130-30","6c3fc33a-c615-4cb5-9e7f-e6d7591a3405","7.29","0","","","","","","","","","","","",""
"Order","Filled","","2026-04-25T05:17:55.392Z","","","","","","KXETH15M-26APR250130-30","6c3fc33a-c615-4cb5-9e7f-e6d7591a3405","7.29","0","","","","","","","","","","","",""
"Order","Filled","","2026-04-25T04:52:25.511Z","","","","","","KXBTC15M-26APR250100-00","dd309691-c5bb-4598-bbd7-dc8de0e5f8b4","4.31","0","","","","","","","","","","","",""
"Order","Filled","","2026-04-25T04:51:41.676Z","","","","","","KXBTC15M-26APR250100-00","dd309691-c5bb-4598-bbd7-dc8de0e5f8b4","4.31","0","","","","","","","","","","","",""
"Order","Filled","","2026-04-25T02:42:44.859Z","","","","","","KXBTC15M-26APR242245-45","0c86264d-6d6b-4030-ba94-5ef0f285c6f1","4.1","0","","","","","","","","","","","",""
"Order","Filled","","2026-04-25T02:39:18.894Z","","","","","","KXBTC15M-26APR242245-45","0c86264d-6d6b-4030-ba94-5ef0f285c6f1","4.1","0","","","","","","","","","","","",""
"Order","Filled","","2026-04-25T01:22:37.995Z","","","","","","KXETH15M-26APR242130-30","9065114a-56f8-4a4b-afd0-e9e28bd52465","4.79","0","","","","","","","","","","","",""
"Order","Filled","","2026-04-24T18:11:02.004Z","","","","","","KXBTC15M-26APR241415-15","32aae1cf-0edc-49ca-93ac-e50c009eddf6","3.04","0","","","","","","","","","","","",""
"Order","Filled","","2026-04-24T17:14:10.271Z","","","","","","KXBTC15M-26APR241315-15","1930e551-5a18-4a0e-b0bd-02504def624b","9.87","0","","","","","","","","","","","",""
"Order","Filled","","2026-04-24T17:12:32.881Z","","","","","","KXBTC15M-26APR241315-15","1930e551-5a18-4a0e-b0bd-02504def624b","2.62","0","","","","","","","","","","","",""
"Order","Filled","","2026-04-24T17:11:50.182Z","","","","","","KXBTC15M-26APR241315-15","1930e551-5a18-4a0e-b0bd-02504def624b","2.62","0","","","","","","","","","","","",""
"Order","Filled","","2026-04-24T12:58:54.972Z","","","","","","KXBTC15M-26APR240900-00","85bd0332-5a3f-4c3f-8899-0590b5c0e671","0.53","0","","","","","","","","","","","",""
"Order","Filled","","2026-04-24T12:37:37.036Z","","","","","","KXBTC15M-26APR240845-45","f8b8bddd-b7e8-43c4-a412-b286d1b703c0","2.55","0","","","","","","","","","","","",""
"Order","Filled","","2026-04-24T12:36:06.854Z","","","","","","KXBTC15M-26APR240845-45","f8b8bddd-b7e8-43c4-a412-b286d1b703c0","2.55","0","","","","","","","","","","","",""
"Order","Filled","","2026-04-24T11:48:58.438Z","","","","","","KXBTC15M-26APR240800-00","8b2d3a76-02bd-4e63-bfc3-106ed5d1476c","2.58","0","","","","","","","","","","","",""
"Credit","Applied","0.02","2026-04-24T11:48:27.186Z","","","","","","","","","","","","","","","","","","","Volume Incentive for event KXETH15M-26APR230800","incentive",""
"Order","Filled","","2026-04-24T11:41:30.651Z","","","","","","KXBTC15M-26APR240745-45","227b7854-6e55-4afe-bbcb-0d23cbef7742","2.83","0","","","","","","","","","","","",""
"Order","Filled","","2026-04-24T11:40:40.862Z","","","","","","KXBTC15M-26APR240745-45","227b7854-6e55-4afe-bbcb-0d23cbef7742","3.04","0","","","","","","","","","","","",""
"Order","Filled","","2026-04-24T11:35:07.203Z","","","","","","KXBTC15M-26APR240745-45","227b7854-6e55-4afe-bbcb-0d23cbef7742","3.04","0","","","","","","","","","","","",""
"Order","Filled","","2026-04-24T10:58:15.060Z","","","","","","KXBTC15M-26APR240700-00","b3cab2b1-d67b-4593-ba92-6fc3d4b567cf","2.31","0","","","","","","","","","","","",""
"Order","Filled","","2026-04-24T10:41:12.541Z","","","","","","KXETH15M-26APR240645-45","b8998cc1-9ba9-4931-867f-48e502b0e3da","0.3","0","","","","","","","","","","","",""
"Order","Filled","","2026-04-24T09:38:38.246Z","","","","","","KXBTC15M-26APR240545-45","95ab5fee-211e-4935-9fbb-eb300da90fea","0.37","0","","","","","","","","","","","",""
"Order","Filled","","2026-04-24T09:37:48.003Z","","","","","","KXBTC15M-26APR240545-45","95ab5fee-211e-4935-9fbb-eb300da90fea","0.26","0","","","","","","","","","","","",""
"Order","Filled","","2026-04-24T09:32:57.336Z","","","","","","KXBTC15M-26APR240545-45","95ab5fee-211e-4935-9fbb-eb300da90fea","0.26","0","","","","","","","","","","","",""
"Order","Filled","","2026-04-24T09:29:33.618Z","","","","","","KXBTC15M-26APR240530-30","bc41ebc0-54af-4ff0-8a40-58aebd6669cc","5.14","0","","","","","","","","","","","",""
"Order","Filled","","2026-04-24T09:28:24.156Z","","","","","","KXXRP15M-26APR240530-30","e1c02a13-2867-4980-86b4-81a7ccbf1067","0.15","0","","","","","","","","","","","",""
"Order","Filled","","2026-04-24T09:24:57.330Z","","","","","","KXXRP15M-26APR240530-30","e1c02a13-2867-4980-86b4-81a7ccbf1067","0.15","0","","","","","","","","","","","",""
"Order","Filled","","2026-04-24T08:59:51.726Z","","","","","","KXBTC15M-26APR240500-00","ed2eed40-6e4a-4342-82fc-5e91b76a2677","28.06","0","","","","","","","","","","","",""
"Order","Filled","","2026-04-24T08:11:10.305Z","","","","","","KXBTC15M-26APR240415-15","2600d09c-079d-4896-8bae-b20a14e81b05","2.72","0","","","","","","","","","","","",""
"Order","Filled","","2026-04-24T08:10:31.423Z","","","","","","KXBTC15M-26APR240415-15","2600d09c-079d-4896-8bae-b20a14e81b05","1.45","0","","","","","","","","","","","",""
"Order","Filled","","2026-04-24T08:08:56.608Z","","","","","","KXBTC15M-26APR240415-15","2600d09c-079d-4896-8bae-b20a14e81b05","1.45","0","","","","","","","","","","","",""
"Order","Filled","","2026-04-24T07:54:37.499Z","","","","","","KXBTC15M-26APR240400-00","cb611891-c994-4bde-8b4c-6f89b60b6d2c","0.27","0","","","","","","","","","","","",""
"Order","Filled","","2026-04-24T07:46:55.175Z","","","","","","KXBTC15M-26APR240400-00","cb611891-c994-4bde-8b4c-6f89b60b6d2c","0.27","0","","","","","","","","","","","",""
"Order","Filled","","2026-04-24T07:41:22.585Z","","","","","","KXETH15M-26APR240345-45","f1abc8f5-2a66-41d2-a577-66e10f6e6aa3","0.35","0","","","","","","","","","","","",""
"Order","Filled","","2026-04-24T07:27:00.294Z","","","","","","KXETH15M-26APR240330-30","a15d1725-fc35-4ca6-9897-db05bfee829f","2.52","0","","","","","","","","","","","",""
"Order","Filled","","2026-04-24T07:26:47.482Z","","","","","","KXETH15M-26APR240330-30","a15d1725-fc35-4ca6-9897-db05bfee829f","1.38","0","","","","","","","","","","","",""
"Order","Filled","","2026-04-24T07:24:43.110Z","","","","","","KXETH15M-26APR240330-30","a15d1725-fc35-4ca6-9897-db05bfee829f","1.38","0","","","","","","","","","","","",""
"Order","Filled","","2026-04-24T05:20:27.546Z","","","","","","KXBTCD-26APR2402-T77499.99","58947e39-c5ec-4c66-aa20-daa50b88157e","2.55","0","","","","","","","","","","","",""
"Order","Filled","","2026-04-24T03:19:08.191Z","","","","","","KXSOL15M-26APR232330-30","0ce2cb16-8db3-4798-b460-20aa47effcb8","3.65","0","","","","","","","","","","","",""
"Order","Filled","","2026-04-24T03:13:52.960Z","","","","","","KXETH15M-26APR232315-15","a91ac8cd-c157-44e4-9582-0c01180c9c8b","4.85","0","","","","","","","","","","","",""
"Order","Filled","","2026-04-24T03:09:50.348Z","","","","","","KXETH15M-26APR232315-15","a91ac8cd-c157-44e4-9582-0c01180c9c8b","2.23","0","","","","","","","","","","","",""
"Order","Filled","","2026-04-24T03:05:53.967Z","","","","","","KXETH15M-26APR232315-15","a91ac8cd-c157-44e4-9582-0c01180c9c8b","2.62","0","","","","","","","","","","","",""
"Order","Filled","","2026-04-24T03:04:13.359Z","","","","","","KXBTC15M-26APR232315-15","5cbbbe65-f56e-48ff-9325-94ad090c4a0e","4.19","0","","","","","","","","","","","",""
"Order","Filled","","2026-04-24T02:58:51.083Z","","","","","","KXBTCD-26APR2323-T78099.99","b243b5ff-f215-4761-bdad-79bbc649de74","9.35","0","","","","","","","","","","","",""
"Order","Filled","","2026-04-24T01:47:42.285Z","","","","","","KXETH15M-26APR232200-00","da2c15e8-b258-407f-803c-c5b03fe4f29c","0.35","0","","","","","","","","","","","",""
"Order","Filled","","2026-04-24T01:46:29.803Z","","","","","","KXETH15M-26APR232200-00","da2c15e8-b258-407f-803c-c5b03fe4f29c","0.35","0","","","","","","","","","","","",""
"Order","Filled","","2026-04-24T01:29:31.834Z","","","","","","KXSOL15M-26APR232130-30","64356405-61c2-4771-aca5-a96551a4486c","0.6","0","","","","","","","","","","","",""
"Order","Filled","","2026-04-24T01:28:46.985Z","","","","","","KXSOL15M-26APR232130-30","64356405-61c2-4771-aca5-a96551a4486c","0.6","0","","","","","","","","","","","",""
"Order","Filled","","2026-04-24T00:29:38.498Z","","","","","","KXETHD-26APR2321-T2329.99","3a1365e0-3202-48fa-8a39-3ff8d96e49fa","0.23","0","","","","","","","","","","","",""
"Order","Filled","","2026-04-24T00:14:09.451Z","","","","","","KXETH15M-26APR232015-15","075944e6-4391-430d-9adf-0eea71c0383e","0.13","0","","","","","","","","","","","",""
"Order","Filled","","2026-04-24T00:09:45.176Z","","","","","","KXETH15M-26APR232015-15","075944e6-4391-430d-9adf-0eea71c0383e","0.13","0","","","","","","","","","","","",""
"Order","Filled","","2026-04-24T00:08:56.645Z","","","","","","KXBTC15M-26APR232015-15","43a1208f-ced0-4ebb-a906-7b0d0cbe5840","0.25","0","","","","","","","","","","","",""
"Order","Filled","","2026-04-23T23:05:02.187Z","","","","","","KXSOL15M-26APR231915-15","10dff84f-b76c-4c33-8bd1-383b8459981f","0.17","0","","","","","","","","","","","",""
"Order","Filled","","2026-04-23T23:03:56.343Z","","","","","","KXBTC15M-26APR231915-15","d68f06d4-9725-419a-ac80-6896ed1f674a","0.16","0","","","","","","","","","","","",""
"Order","Filled","","2026-04-23T22:55:15.239Z","","","","","","KXETH15M-26APR231900-00","55656eca-8de0-4963-8736-73c6066f9947","0.13","0","","","","","","","","","","","",""
"Order","Filled","","2026-04-23T22:53:16.066Z","","","","","","KXBTC15M-26APR231900-00","92b0f1f1-0746-4cb3-958f-aa2a89367d6f","0.31","0","","","","","","","","","","","",""
"Order","Filled","","2026-04-23T22:48:40.818Z","","","","","","KXBTC15M-26APR231900-00","92b0f1f1-0746-4cb3-958f-aa2a89367d6f","0.31","0","","","","","","","","","","","",""
"Order","Filled","","2026-04-23T22:38:12.670Z","","","","","","KXBTC15M-26APR231845-45","c6a4c0a0-a442-466b-9462-d69c3509a207","0.15","0","","","","","","","","","","","",""
"Order","Filled","","2026-04-23T22:35:28.724Z","","","","","","KXBTC15M-26APR231845-45","c6a4c0a0-a442-466b-9462-d69c3509a207","0.27","0","","","","","","","","","","","",""
"Order","Filled","","2026-04-23T22:03:13.607Z","","","","","","KXBTC15M-26APR231815-15","6d01e29b-41b1-4dd5-a936-80e7d3b79735","0.12","0","","","","","","","","","","","",""
"Order","Filled","","2026-04-23T22:02:47.439Z","","","","","","KXETH15M-26APR231815-15","8770a603-3085-4932-9641-847e3781762f","0.15","0","","","","","","","","","","","",""
"Order","Filled","","2026-04-23T21:01:43.595Z","","","","","","KXBTC15M-26APR231715-15","7171a1a2-b735-422c-93e9-461f05e785ae","0.13","0","","","","","","","","","","","",""
"Order","Filled","","2026-04-23T20:42:28.497Z","","","","","","KXBTCD-26APR2317-T77999.99","c7f5255a-4acf-43cf-aa81-89a700e55021","1.73","0","","","","","","","","","","","",""
"Deposit","Applied","15","2026-04-23T19:57:22.048Z","","April 23, 2026 at 3:57:22 PM EDT","debit","0.3","","","","","","","","","","","","","","","","",""
"Order","Filled","","2026-04-23T18:40:53.479Z","","","","","","KXBTCD-26APR2315-T77999.99","6ccaa591-5395-4469-a8f9-8337734296fc","4.14","0","","","","","","","","","","","",""
"Order","Filled","","2026-04-23T18:37:30.423Z","","","","","","KXBTCD-26APR2315-T77999.99","6ccaa591-5395-4469-a8f9-8337734296fc","4.14","0","","","","","","","","","","","",""
"Order","Filled","","2026-04-23T17:58:53.036Z","","","","","","KXBTCD-26APR2314-T77799.99","cc229059-0e3f-45e4-b9f3-1bb15c8102ef","7.39","0","","","","","","","","","","","",""
"Order","Filled","","2026-04-23T17:47:21.387Z","","","","","","KXBTCD-26APR2314-T77099.99","7c122b16-46cd-4aab-9843-a2f5bea77608","7.09","0","","","","","","","","","","","",""
"Order","Filled","","2026-04-23T16:58:12.914Z","","","","","","KXBTCD-26APR2313-T78099.99","c02f41ab-2a90-4f09-94f8-9e3cd11937f0","6.7","0","","","","","","","","","","","",""
"Order","Filled","","2026-04-23T16:57:52.628Z","","","","","","KXBTCD-26APR2313-T77999.99","34420252-73d5-4d15-9c83-2248b1942c12","6.24","0","","","","","","","","","","","",""
"Order","Filled","","2026-04-23T16:57:11.095Z","","","","","","KXBTCD-26APR2313-T78199.99","5a618d5e-fef5-4255-b65e-63ea7e767b50","8.37","0","","","","","","","","","","","",""
"Order","Filled","","2026-04-23T16:56:48.158Z","","","","","","KXBTCD-26APR2313-T78299.99","d50bcba5-7864-4187-8b11-08fa80f7ab59","10.96","0","","","","","","","","","","","",""
"Order","Filled","","2026-04-23T16:54:22.060Z","","","","","","KXBTCD-26APR2313-T78199.99","5a618d5e-fef5-4255-b65e-63ea7e767b50","8.37","0","","","","","","","","","","","",""
"Order","Filled","","2026-04-23T16:54:00.432Z","","","","","","KXBTCD-26APR2313-T78299.99","d50bcba5-7864-4187-8b11-08fa80f7ab59","10.96","0","","","","","","","","","","","",""
"Order","Filled","","2026-04-23T16:39:04.701Z","","","","","","KXETH15M-26APR231245-45","239e52d4-b0e4-4e5e-949c-950fa8471958","5.58","0","","","","","","","","","","","",""
"Order","Filled","","2026-04-23T16:29:38.827Z","","","","","","KXBTC15M-26APR231230-30","c8fb172e-79db-4f93-88af-32708f382cd7","4.13","0","","","","","","","","","","","",""
"Order","Filled","","2026-04-23T16:22:26.451Z","","","","","","KXBTC15M-26APR231230-30","c8fb172e-79db-4f93-88af-32708f382cd7","4.14","0","","","","","","","","","","","",""
"Order","Filled","","2026-04-23T16:21:01.365Z","","","","","","KXBTC15M-26APR231230-30","c8fb172e-79db-4f93-88af-32708f382cd7","4.14","0","","","","","","","","","","","",""
"Order","Filled","","2026-04-23T16:19:46.023Z","","","","","","KXBTC15M-26APR231230-30","c8fb172e-79db-4f93-88af-32708f382cd7","5.79","0","","","","","","","","","","","",""
"Order","Filled","","2026-04-23T16:16:59.439Z","","","","","","KXBTC15M-26APR231230-30","c8fb172e-79db-4f93-88af-32708f382cd7","5.79","0","","","","","","","","","","","",""
"Order","Filled","","2026-04-23T16:13:49.209Z","","","","","","KXBTC15M-26APR231215-15","b8e81931-1458-403e-a3d5-ff887136c393","4.57","0","","","","","","","","","","","",""
"Order","Filled","","2026-04-23T16:07:21.316Z","","","","","","KXBTC15M-26APR231215-15","b8e81931-1458-403e-a3d5-ff887136c393","8.37","0","","","","","","","","","","","",""
"Order","Filled","","2026-04-23T16:06:02.817Z","","","","","","KXMJSCHEDULE-27","70f79021-ff47-4728-9a96-b84c92eecad7","9.47","0","","","","","","","","","","","",""
"Order","Filled","","2026-04-23T16:05:11.197Z","","","","","","KXBTC15M-26APR231215-15","b8e81931-1458-403e-a3d5-ff887136c393","8.37","0","","","","","","","","","","","",""
"Order","Filled","","2026-04-23T16:01:13.343Z","","","","","","KXBTC15M-26APR231215-15","b8e81931-1458-403e-a3d5-ff887136c393","9.85","0","","","","","","","","","","","",""
"Order","Filled","","2026-04-23T16:00:54.242Z","","","","","","KXBTC15M-26APR231215-15","b8e81931-1458-403e-a3d5-ff887136c393","9.85","0","","","","","","","","","","","",""
"Order","Filled","","2026-04-23T15:58:11.542Z","","","","","","KXBTCD-26APR2312-T78399.99","c3cd50d5-1058-47e2-a808-fd7298b83d9e","7.19","0","","","","","","","","","","","",""
"Order","Filled","","2026-04-23T13:53:23.743Z","","","","","","KXBTC15M-26APR231000-00","dfe7f485-6cce-4dc1-a181-738cbc907870","4.86","0","","","","","","","","","","","",""
"Order","Filled","","2026-04-23T13:47:20.440Z","","","","","","KXBTC15M-26APR231000-00","dfe7f485-6cce-4dc1-a181-738cbc907870","4.86","0","","","","","","","","","","","",""
"Order","Filled","","2026-04-23T13:43:36.809Z","","","","","","KXBTC15M-26APR230945-45","113700e4-d8e7-455c-8a48-47e90a448c85","4.94","0","","","","","","","","","","","",""
"Order","Filled","","2026-04-23T13:40:51.382Z","","","","","","KXBTC15M-26APR230945-45","113700e4-d8e7-455c-8a48-47e90a448c85","4.94","0","","","","","","","","","","","",""
"Order","Filled","","2026-04-23T13:27:23.772Z","","","","","","KXBTC15M-26APR230930-30","80e05829-e3df-4986-bf35-ddefa0d6569a","4.25","0","","","","","","","","","","","",""
"Order","Filled","","2026-04-23T13:23:14.104Z","","","","","","KXBTC15M-26APR230930-30","80e05829-e3df-4986-bf35-ddefa0d6569a","4.25","0","","","","","","","","","","","",""
"Order","Filled","","2026-04-23T13:01:28.338Z","","","","","","KXBTC15M-26APR230915-15","2139eb86-aadb-44a9-8717-528c78c79a83","10.25","0","","","","","","","","","","","",""
"Order","Filled","","2026-04-23T13:00:23.515Z","","","","","","KXBTC15M-26APR230915-15","2139eb86-aadb-44a9-8717-528c78c79a83","10.25","0","","","","","","","","","","","",""
"Order","Filled","","2026-04-23T12:57:28.085Z","","","","","","KXBTCD-26APR2309-T77799.99","4156e208-3697-4507-89e8-0c588da02ccd","8.97","0","","","","","","","","","","","",""
"Order","Filled","","2026-04-23T12:50:20.768Z","","","","","","KXBTCD-26APR2309-T77699.99","4515d184-e665-4839-9713-81d9d76f1175","6.15","0","","","","","","","","","","","",""
"Order","Filled","","2026-04-23T12:42:40.552Z","","","","","","KXSOL15M-26APR230845-45","e7d7035b-db50-4351-a8d5-28397827bb4a","6.74","0","","","","","","","","","","","",""
"Order","Filled","","2026-04-23T12:41:33.496Z","","","","","","KXSOL15M-26APR230845-45","e7d7035b-db50-4351-a8d5-28397827bb4a","6.74","0","","","","","","","","","","","",""
"Order","Filled","","2026-04-23T12:21:20.232Z","","","","","","KXBTC15M-26APR230830-30","9be3a77e-60f8-4e45-9fc9-10d2622e2c72","5.24","0","","","","","","","","","","","",""
"Order","Filled","","2026-04-23T12:19:13.560Z","","","","","","KXBTC15M-26APR230830-30","9be3a77e-60f8-4e45-9fc9-10d2622e2c72","5.24","0","","","","","","","","","","","",""
"Order","Filled","","2026-04-23T11:54:27.857Z","","","","","","KXBTC15M-26APR230800-00","68807142-6d8e-45f9-a01c-d59ac4bb420a","4.57","0","","","","","","","","","","","",""
"Order","Filled","","2026-04-23T11:54:18.353Z","","","","","","KXETH15M-26APR230800-00","f530a8f4-53a4-47a0-9ee5-232038acbe6c","5.75","0","","","","","","","","","","","",""
"Order","Filled","","2026-04-23T11:50:44.535Z","","","","","","KXBTC15M-26APR230800-00","68807142-6d8e-45f9-a01c-d59ac4bb420a","4.57","0","","","","","","","","","","","",""
"Order","Filled","","2026-04-23T11:49:49.907Z","","","","","","KXETH15M-26APR230800-00","f530a8f4-53a4-47a0-9ee5-232038acbe6c","5.75","0","","","","","","","","","","","",""
"Credit","Applied","0.02","2026-04-23T11:47:54.332Z","","","","","","","","","","","","","","","","","","","Volume Incentive for event KXETH15M-26APR230030","incentive",""
"Order","Filled","","2026-04-23T11:37:43.946Z","","","","","","KXETH15M-26APR230745-45","6ea2c369-01e1-4d99-bfcd-8b2e26aed7c1","6.56","0","","","","","","","","","","","",""
"Order","Filled","","2026-04-23T11:14:34.124Z","","","","","","KXBTC15M-26APR230715-15","65366152-4449-4639-b3b1-afeac558d3a4","10.78","0","","","","","","","","","","","",""
"Order","Filled","","2026-04-23T11:10:46.241Z","","","","","","KXBTC15M-26APR230715-15","65366152-4449-4639-b3b1-afeac558d3a4","6.99","0","","","","","","","","","","","",""
"Order","Filled","","2026-04-23T11:06:24.482Z","","","","","","KXBTC15M-26APR230715-15","65366152-4449-4639-b3b1-afeac558d3a4","6.99","0","","","","","","","","","","","",""
"Order","Filled","","2026-04-23T05:27:57.390Z","","","","","","KXSOL15M-26APR230130-30","0d3d22fc-db6b-4e7d-a02a-89be085943ad","20.4","0","","","","","","","","","","","",""
"Order","Filled","","2026-04-23T05:22:43.199Z","","","","","","KXSOL15M-26APR230130-30","0d3d22fc-db6b-4e7d-a02a-89be085943ad","9.01","0","","","","","","","","","","","",""
"Order","Filled","","2026-04-23T05:19:53.850Z","","","","","","KXSOL15M-26APR230130-30","0d3d22fc-db6b-4e7d-a02a-89be085943ad","9.01","0","","","","","","","","","","","",""
"Order","Filled","","2026-04-23T05:14:02.980Z","","","","","","KXSOL15M-26APR230115-15","251d30f0-cee3-4074-9ba0-d296c06a9a31","1.38","0","","","","","","","","","","","",""
"Order","Filled","","2026-04-23T04:55:06.241Z","","","","","","KXBTC15M-26APR230100-00","b267fd5b-601c-498e-98a6-c92e356acabf","15.96","0","","","","","","","","","","","",""
"Order","Filled","","2026-04-23T04:54:40.599Z","","","","","","KXBTCD-26APR2301-T77899.99","1567fe9d-21f1-4bd2-9869-ec9536e322df","7.29","0","","","","","","","","","","","",""
"Order","Filled","","2026-04-23T04:54:31.417Z","","","","","","KXBTC15M-26APR230100-00","b267fd5b-601c-498e-98a6-c92e356acabf","12.01","0","","","","","","","","","","","",""
"Order","Filled","","2026-04-23T04:52:15.210Z","","","","","","KXBTCD-26APR2301-T77899.99","1567fe9d-21f1-4bd2-9869-ec9536e322df","7.29","0","","","","","","","","","","","",""
"Order","Filled","","2026-04-23T04:51:40.349Z","","","","","","KXBTC15M-26APR230100-00","b267fd5b-601c-498e-98a6-c92e356acabf","12.01","0","","","","","","","","","","","",""
"Order","Filled","","2026-04-23T04:48:32.080Z","","","","","","KXBTCD-26APR2301-T77899.99","1567fe9d-21f1-4bd2-9869-ec9536e322df","12.12","0","","","","","","","","","","","",""
"Order","Filled","","2026-04-23T04:43:02.983Z","","","","","","KXBTCD-26APR2301-T77899.99","1567fe9d-21f1-4bd2-9869-ec9536e322df","12.12","0","","","","","","","","","","","",""
"Order","Filled","","2026-04-23T04:28:32.474Z","","","","","","KXETH15M-26APR230030-30","b5bd9c84-34c3-4dab-83b8-a6d96dfb2f7f","12.61","0","","","","","","","","","","","",""
"Order","Filled","","2026-04-23T04:27:00.197Z","","","","","","KXETH15M-26APR230030-30","b5bd9c84-34c3-4dab-83b8-a6d96dfb2f7f","12.61","0","","","","","","","","","","","",""
"Order","Filled","","2026-04-23T04:26:13.578Z","","","","","","KXBTC15M-26APR230030-30","87012060-9ddb-4503-8984-34b263cc7432","6.9","0","","","","","","","","","","","",""
"Order","Filled","","2026-04-23T04:25:52.813Z","","","","","","KXETH15M-26APR230030-30","b5bd9c84-34c3-4dab-83b8-a6d96dfb2f7f","6.63","0","","","","","","","","","","","",""
"Order","Filled","","2026-04-23T04:21:51.773Z","","","","","","KXETH15M-26APR230030-30","b5bd9c84-34c3-4dab-83b8-a6d96dfb2f7f","6.63","0","","","","","","","","","","","",""
"Order","Filled","","2026-04-23T04:19:33.164Z","","","","","","KXBTC15M-26APR230030-30","87012060-9ddb-4503-8984-34b263cc7432","6.9","0","","","","","","","","","","","",""
"Order","Filled","","2026-04-23T04:13:26.333Z","","","","","","KXETH15M-26APR230015-15","0824749a-c41b-4b5b-b63c-e7684db6476b","7.29","0","","","","","","","","","","","",""
"Order","Filled","","2026-04-23T04:09:34.477Z","","","","","","KXETH15M-26APR230015-15","0824749a-c41b-4b5b-b63c-e7684db6476b","7.29","0","","","","","","","","","","","",""
"Order","Filled","","2026-04-23T03:56:16.938Z","","","","","","KXSOL15M-26APR230000-00","8727a1d2-2462-46b4-8354-38ef8826ef98","6.7","0","","","","","","","","","","","",""
"Order","Filled","","2026-04-23T03:22:57.239Z","","","","","","KXSOL15M-26APR222330-30","dd476bfb-46e6-4714-851d-47fa86eed1cc","9.14","0","","","","","","","","","","","",""
"Order","Filled","","2026-04-23T03:10:58.918Z","","","","","","KXXRP15M-26APR222315-15","c0c8e3a0-13e9-48a7-84fa-883d98c47518","7.23","0","","","","","","","","","","","",""
"Order","Filled","","2026-04-23T03:05:25.718Z","","","","","","KXBTC15M-26APR222315-15","d22b6ea3-3d3d-4e19-9900-afda4702df21","6.99","0","","","","","","","","","","","",""
"Order","Filled","","2026-04-23T02:57:59.343Z","","","","","","KXBTCD-26APR2223-T78099.99","723e5a0c-75a4-41be-aeb1-720da63d0bd7","8.1","0","","","","","","","","","","","",""
"Order","Filled","","2026-04-23T02:57:25.573Z","","","","","","KXBTCD-26APR2223-T77999.99","dad82829-0d83-40ad-a438-c8ca282a55e1","13.29","0","","","","","","","","","","","",""
"Order","Filled","","2026-04-23T02:54:46.097Z","","","","","","KXBTCD-26APR2223-T77899.99","da53789f-d928-4428-8ee4-e11e78a86f2d","12.58","0","","","","","","","","","","","",""
"Order","Filled","","2026-04-23T02:51:03.139Z","","","","","","KXBTCD-26APR2223-T78199.99","0506cd64-28b4-4e14-81a4-b3e982adfb76","6.54","0","","","","","","","","","","","",""
"Order","Filled","","2026-04-23T02:49:59.749Z","","","","","","KXBTCD-26APR2223-T77799.99","c99eb6d6-69a8-4ae8-b749-87f86763416b","17.61","0","","","","","","","","","","","",""
"Order","Filled","","2026-04-23T02:47:58.325Z","","","","","","KXBTC15M-26APR222300-00","8d3b9ee7-eb9e-4719-b085-4865921fb488","7.5","0","","","","","","","","","","","",""
"Order","Filled","","2026-04-23T02:40:47.069Z","","","","","","KXBTC15M-26APR222245-45","c48a9913-b527-412d-9fb1-997da8139082","5.83","0","","","","","","","","","","","",""
"Order","Filled","","2026-04-23T02:38:29.334Z","","","","","","KXDOGE15M-26APR222245-45","c721e34a-e25d-471f-b46f-7c2079293319","3.04","0","","","","","","","","","","","",""
"Order","Filled","","2026-04-23T02:33:09.642Z","","","","","","KXBTCD-26APR2223-T78199.99","0506cd64-28b4-4e14-81a4-b3e982adfb76","6.54","0","","","","","","","","","","","",""
"Order","Filled","","2026-04-23T02:32:07.080Z","","","","","","KXBTCD-26APR2223-T77999.99","dad82829-0d83-40ad-a438-c8ca282a55e1","13.29","0","","","","","","","","","","","",""
"Order","Filled","","2026-04-23T02:31:15.846Z","","","","","","KXBTC15M-26APR222245-45","c48a9913-b527-412d-9fb1-997da8139082","5.83","0","","","","","","","","","","","",""
"Order","Filled","","2026-04-23T02:29:02.966Z","","","","","","KXBTCD-26APR2223-T78099.99","723e5a0c-75a4-41be-aeb1-720da63d0bd7","8.1","0","","","","","","","","","","","",""
"Order","Filled","","2026-04-23T01:26:32.253Z","","","","","","KXSOL15M-26APR222130-30","eaeaeb87-ce68-4824-999b-082e093bf9dd","7.39","0","","","","","","","","","","","",""
"Order","Filled","","2026-04-23T01:16:38.990Z","","","","","","KXSOL15M-26APR222130-30","eaeaeb87-ce68-4824-999b-082e093bf9dd","7.39","0","","","","","","","","","","","",""
"Order","Filled","","2026-04-23T01:08:38.085Z","","","","","","KXBTC15M-26APR222115-15","f05191ef-59ec-4a57-9611-cd44a5324a3b","5.75","0","","","","","","","","","","","",""
"Order","Filled","","2026-04-23T00:55:50.210Z","","","","","","KXBTC15M-26APR222100-00","8d309daf-5a25-4ae8-9b47-b3fcd98dcf73","8.51","0","","","","","","","","","","","",""
"Order","Filled","","2026-04-23T00:55:24.430Z","","","","","","KXBTC15M-26APR222100-00","8d309daf-5a25-4ae8-9b47-b3fcd98dcf73","7.85","0","","","","","","","","","","","",""
"Order","Filled","","2026-04-23T00:53:36.220Z","","","","","","KXBTC15M-26APR222100-00","8d309daf-5a25-4ae8-9b47-b3fcd98dcf73","7.85","0","","","","","","","","","","","",""
"Order","Filled","","2026-04-23T00:46:58.353Z","","","","","","KXBTCD-26APR2221-T78299.99","6c7a71f0-bf50-456b-8d65-dc1957df2838","6.35","0","","","","","","","","","","","",""
"Order","Filled","","2026-04-23T00:44:31.156Z","","","","","","KXBTC15M-26APR222045-45","7cead0b7-b496-43fe-be45-84dea3b386e9","7.28","0","","","","","","","","","","","",""
"Order","Filled","","2026-04-23T00:43:55.529Z","","","","","","KXSOL15M-26APR222045-45","251f3c36-dbd4-441b-87c8-38b3f604e95b","4.19","0","","","","","","","","","","","",""
"Order","Filled","","2026-04-23T00:40:51.387Z","","","","","","KXBTC15M-26APR222045-45","7cead0b7-b496-43fe-be45-84dea3b386e9","4.37","0","","","","","","","","","","","",""
"Order","Filled","","2026-04-23T00:38:38.187Z","","","","","","KXSOL15M-26APR222045-45","251f3c36-dbd4-441b-87c8-38b3f604e95b","4.19","0","","","","","","","","","","","",""
"Order","Filled","","2026-04-23T00:37:05.772Z","","","","","","KXBTC15M-26APR222045-45","7cead0b7-b496-43fe-be45-84dea3b386e9","4","0","","","","","","","","","","","",""
"Order","Filled","","2026-04-23T00:33:17.797Z","","","","","","KXBTC15M-26APR222045-45","7cead0b7-b496-43fe-be45-84dea3b386e9","8.37","0","","","","","","","","","","","",""
"Order","Filled","","2026-04-23T00:20:10.464Z","","","","","","KXBTC15M-26APR222030-30","6cb3d4df-515e-402e-9b18-597d990b350c","4.95","0","","","","","","","","","","","",""
"Order","Filled","","2026-04-23T00:12:53.494Z","","","","","","KXMJSCHEDULE-27","70f79021-ff47-4728-9a96-b84c92eecad7","3","0","","","","","","","","","","","",""
"Order","Filled","","2026-04-23T00:09:54.676Z","","","","","","KXBTC15M-26APR222015-15","563bc452-e95b-47e2-bfad-286bb74802a8","17.94","0","","","","","","","","","","","",""
"Order","Filled","","2026-04-23T00:06:08.168Z","","","","","","KXETH15M-26APR222015-15","1479b1e1-d0f4-4924-8ece-602b0f822709","7.85","0","","","","","","","","","","","",""
"Order","Filled","","2026-04-22T19:59:11.634Z","","","","","","KXETHD-26APR2216-T2399.99","4b9f328c-d1f0-4ef8-a312-4351bccdf94c","20.21","0","","","","","","","","","","","",""
"Order","Filled","","2026-04-22T18:53:58.368Z","","","","","","KXBTCD-26APR2215-T79099.99","f2b93f2b-ccf8-42ff-a47d-aec2c2408f8e","8.94","0","","","","","","","","","","","",""
"Order","Filled","","2026-04-22T18:44:01.881Z","","","","","","KXBTCD-26APR2215-T79099.99","f2b93f2b-ccf8-42ff-a47d-aec2c2408f8e","8.94","0","","","","","","","","","","","",""
"Order","Filled","","2026-04-22T17:12:40.012Z","","","","","","KXETH15M-26APR221315-15","36eb7837-9220-4bdd-b509-17ef8e8a9b49","30.13","0","","","","","","","","","","","",""
"Order","Filled","","2026-04-22T15:56:34.960Z","","","","","","KXBTCD-26APR2212-T79399.99","6dc58060-18f0-40e6-90c9-813cc43f3061","5.46","0","","","","","","","","","","","",""
"Order","Filled","","2026-04-22T15:53:02.484Z","","","","","","KXBTCD-26APR2212-T79399.99","6dc58060-18f0-40e6-90c9-813cc43f3061","5.46","0","","","","","","","","","","","",""
"Order","Filled","","2026-04-22T02:59:09.667Z","","","","","","KXBTCD-26APR2123-T77599.99","e404cd46-cc71-4596-b874-6198cdcef7c2","10.44","0","","","","","","","","","","","",""
"Order","Filled","","2026-04-22T02:52:34.806Z","","","","","","KXBTC15M-26APR212300-00","cd968271-7aa6-41fb-ae01-b4a3e38547f9","3.58","0","","","","","","","","","","","",""
"Order","Filled","","2026-04-22T02:51:06.249Z","","","","","","KXBTC15M-26APR212300-00","cd968271-7aa6-41fb-ae01-b4a3e38547f9","3.58","0","","","","","","","","","","","",""
"Order","Filled","","2026-04-22T01:55:35.196Z","","","","","","KXSOL15M-26APR212200-00","0a50ac1d-94eb-4e3d-8ec4-b979e692118c","1.39","0","","","","","","","","","","","",""
"Order","Filled","","2026-04-22T01:52:47.314Z","","","","","","KXSOL15M-26APR212200-00","0a50ac1d-94eb-4e3d-8ec4-b979e692118c","1.39","0","","","","","","","","","","","",""
"Order","Filled","","2026-04-22T00:43:35.815Z","","","","","","KXSOL15M-26APR212045-45","2049224b-6b0a-4e6c-8156-4164d8845a8f","1.93","0","","","","","","","","","","","",""
"Order","Filled","","2026-04-22T00:41:01.341Z","","","","","","KXSOL15M-26APR212045-45","2049224b-6b0a-4e6c-8156-4164d8845a8f","1.93","0","","","","","","","","","","","",""
"Order","Filled","","2026-04-22T00:40:23.919Z","","","","","","KXETH15M-26APR212045-45","daf52156-525f-402d-ba0c-999206b22970","1.43","0","","","","","","","","","","","",""
"Order","Filled","","2026-04-22T00:39:03.453Z","","","","","","KXETH15M-26APR212045-45","daf52156-525f-402d-ba0c-999206b22970","1.43","0","","","","","","","","","","","",""
"Order","Filled","","2026-04-22T00:29:47.153Z","","","","","","KXSOL15M-26APR212030-30","95a3fc2c-2d08-4165-8a32-331b172a49d9","1.31","0","","","","","","","","","","","",""
"Order","Filled","","2026-04-22T00:29:02.637Z","","","","","","KXSOL15M-26APR212030-30","95a3fc2c-2d08-4165-8a32-331b172a49d9","1.31","0","","","","","","","","","","","",""
"Order","Filled","","2026-04-22T00:28:04.743Z","","","","","","KXXRP15M-26APR212030-30","9369d5e2-c10c-4221-850c-4f6ae1282753","1.29","0","","","","","","","","","","","",""
"Order","Filled","","2026-04-22T00:25:36.011Z","","","","","","KXXRP15M-26APR212030-30","9369d5e2-c10c-4221-850c-4f6ae1282753","1.29","0","","","","","","","","","","","",""
"Order","Filled","","2026-04-21T22:51:20.790Z","","","","","","KXBTC15M-26APR211900-00","0bb15d00-4c53-458c-bb9a-102789cabee1","1.7","0","","","","","","","","","","","",""
"Order","Filled","","2026-04-21T21:54:12.412Z","","","","","","KXBTC15M-26APR211800-00","73a9472b-29e1-43d9-9804-79072168538c","2.04","0","","","","","","","","","","","",""
"Order","Filled","","2026-04-21T21:52:46.858Z","","","","","","KXBTC15M-26APR211800-00","73a9472b-29e1-43d9-9804-79072168538c","2.04","0","","","","","","","","","","","",""
"Order","Filled","","2026-04-21T21:42:12.128Z","","","","","","KXBTC15M-26APR211745-45","d145cc06-afdc-4783-9e85-eddc7c8c0303","1.54","0","","","","","","","","","","","",""
"Order","Filled","","2026-04-21T19:59:54.424Z","","","","","","KXBTCD-26APR2116-T74999.99","dbd561b2-97d2-4b1d-9ddd-b09201a0f859","6.15","0","","","","","","","","","","","",""
"Order","Filled","","2026-04-21T19:58:50.326Z","","","","","","KXBTCD-26APR2116-T74999.99","dbd561b2-97d2-4b1d-9ddd-b09201a0f859","6.15","0","","","","","","","","","","","",""
"Order","Filled","","2026-04-21T19:31:48.725Z","","","","","","KXETH15M-26APR211545-45","466e9155-e197-41b4-981b-69c8d43db7fe","2.09","0","","","","","","","","","","","",""
"Order","Filled","","2026-04-21T19:30:27.559Z","","","","","","KXETH15M-26APR211545-45","466e9155-e197-41b4-981b-69c8d43db7fe","2.09","0","","","","","","","","","","","",""
"Order","Filled","","2026-04-21T19:28:15.535Z","","","","","","KXHYPE15M-26APR211530-30","63c4466d-1e81-46fd-aaba-4fb3b64ab7f1","3.53","0","","","","","","","","","","","",""
"Order","Filled","","2026-04-21T19:22:19.936Z","","","","","","KXBTC15M-26APR211530-30","923abb12-68e0-4e91-ab35-e93b7f0e3143","4.14","0","","","","","","","","","","","",""
"Order","Filled","","2026-04-21T19:19:05.916Z","","","","","","KXBTC15M-26APR211530-30","923abb12-68e0-4e91-ab35-e93b7f0e3143","4.14","0","","","","","","","","","","","",""
"Order","Filled","","2026-04-21T16:44:38.442Z","","","","","","KXHYPE15M-26APR211245-45","2dbfb775-e4a1-44ef-9c10-c9da3fea8bbe","1.74","0","","","","","","","","","","","",""
"Order","Filled","","2026-04-21T16:41:38.404Z","","","","","","KXHYPE15M-26APR211245-45","2dbfb775-e4a1-44ef-9c10-c9da3fea8bbe","1.74","0","","","","","","","","","","","",""
"Order","Filled","","2026-04-21T16:28:38.023Z","","","","","","KXBTC15M-26APR211230-30","18b5dfd7-2b30-46c7-8b39-3cac96821938","2.05","0","","","","","","","","","","","",""
"Order","Filled","","2026-04-21T16:18:49.878Z","","","","","","KXBTC15M-26APR211230-30","18b5dfd7-2b30-46c7-8b39-3cac96821938","2.05","0","","","","","","","","","","","",""
"Order","Filled","","2026-04-21T15:18:36.470Z","","","","","","KXSOL15M-26APR211130-30","75c8dedb-42bf-4ae6-86f8-7cceb6debed1","1","0","","","","","","","","","","","",""
"Order","Filled","","2026-04-21T15:11:30.463Z","","","","","","KXSOL15M-26APR211115-15","ac111d83-519f-4925-818d-f175a4357f6b","1.32","0","","","","","","","","","","","",""
"Order","Filled","","2026-04-21T15:04:13.180Z","","","","","","KXSOL15M-26APR211115-15","ac111d83-519f-4925-818d-f175a4357f6b","1.32","0","","","","","","","","","","","",""
"Order","Filled","","2026-04-21T04:13:53.103Z","","","","","","KXSOL15M-26APR210015-15","029bf50a-e0a8-4a2c-8b85-439fef30f339","1.7","0","","","","","","","","","","","",""
"Order","Filled","","2026-04-21T02:28:24.343Z","","","","","","KXBTC15M-26APR202230-30","3b39903e-d255-4709-8b8a-a901eb59d6b0","2.91","0","","","","","","","","","","","",""
"Order","Filled","","2026-04-21T02:22:37.129Z","","","","","","KXBTC15M-26APR202230-30","3b39903e-d255-4709-8b8a-a901eb59d6b0","2.91","0","","","","","","","","","","","",""
"Order","Filled","","2026-04-21T00:42:38.397Z","","","","","","KXBTC15M-26APR202045-45","83984662-6747-4bb7-9cc1-6d595f220e3b","2.49","0","","","","","","","","","","","",""
"Order","Filled","","2026-04-21T00:33:12.944Z","","","","","","KXBTC15M-26APR202045-45","83984662-6747-4bb7-9cc1-6d595f220e3b","1.02","0","","","","","","","","","","","",""
"Order","Filled","","2026-04-21T00:30:21.943Z","","","","","","KXBTC15M-26APR202045-45","83984662-6747-4bb7-9cc1-6d595f220e3b","1.47","0","","","","","","","","","","","",""
"Order","Filled","","2026-04-20T23:51:22.197Z","","","","","","KXBTC15M-26APR202000-00","8c4b5c32-03ab-43b8-9e5d-22d8ebea852c","2.62","0","","","","","","","","","","","",""
"Order","Filled","","2026-04-20T23:49:12.174Z","","","","","","KXBTC15M-26APR202000-00","8c4b5c32-03ab-43b8-9e5d-22d8ebea852c","2.62","0","","","","","","","","","","","",""
"Order","Filled","","2026-04-20T20:40:04.468Z","","","","","","KXETH15M-26APR201645-45","3495adb4-88d7-4075-acbc-4384ba2ef1aa","2.95","0","","","","","","","","","","","",""
"Credit","Applied","25","2026-04-20T20:37:29.165Z","","","","","","","","","","","","","","","","","","","referral","referral",""
"Order","Filled","","2026-04-20T20:37:29.114Z","","","","","","KXETH15M-26APR201645-45","3495adb4-88d7-4075-acbc-4384ba2ef1aa","2.95","0","","","","","","","","","","","",""
"Order","Filled","","2026-04-20T20:12:52.351Z","","","","","","KXBTC15M-26APR201615-15","da5f0004-52b3-4c21-920d-6c5c1eecfb32","2.28","0","","","","","","","","","","","",""
"Order","Filled","","2026-04-20T20:09:56.971Z","","","","","","KXBTC15M-26APR201615-15","da5f0004-52b3-4c21-920d-6c5c1eecfb32","2.28","0","","","","","","","","","","","",""
"Order","Filled","","2026-04-20T19:59:13.561Z","","","","","","KXBTC15M-26APR201600-00","9efeda49-7e3c-461f-ae49-3f7803bb8a5a","11.69","0","","","","","","","","","","","",""
"Order","Filled","","2026-04-20T19:44:05.739Z","","","","","","KXSOL15M-26APR201545-45","4d658c6d-1519-431a-8459-93fa32e9e362","1.99","0","","","","","","","","","","","",""
"Order","Filled","","2026-04-20T19:22:13.498Z","","","","","","KXBTC15M-26APR201530-30","041c8006-ce4f-4a59-b326-f220bbd9bb8f","2.77","0","","","","","","","","","","","",""
"Order","Filled","","2026-04-20T19:05:04.759Z","","","","","","KXBTC15M-26APR201515-15","39c514fc-c995-4781-a1ef-13a8e775dfc0","2.05","0","","","","","","","","","","","",""
"Order","Filled","","2026-04-20T16:26:37.014Z","","","","","","KXBTC15M-26APR201230-30","7b31a912-51e4-48b8-942a-c1fb21078f13","0.96","0","","","","","","","","","","","",""
"Order","Filled","","2026-04-20T16:18:13.597Z","","","","","","KXBTC15M-26APR201230-30","7b31a912-51e4-48b8-942a-c1fb21078f13","0.96","0","","","","","","","","","","","",""
"Order","Filled","","2026-04-20T15:43:59.320Z","","","","","","KXSOL15M-26APR201145-45","2d36b9b4-f8f9-478b-b573-1139cd4dc75a","3.09","0","","","","","","","","","","","",""
"Order","Filled","","2026-04-20T15:38:12.265Z","","","","","","KXSOL15M-26APR201145-45","2d36b9b4-f8f9-478b-b573-1139cd4dc75a","3.09","0","","","","","","","","","","","",""
"Order","Filled","","2026-04-20T13:43:50.521Z","","","","","","KXBTC15M-26APR200945-45","22f0f681-fbc2-4464-90c0-7979a9556917","2.68","0","","","","","","","","","","","",""
"Order","Filled","","2026-04-20T12:34:22.549Z","","","","","","KXBTC15M-26APR200845-45","2b7c7597-2c6f-4891-abb6-0b6154c46a91","0.3","0","","","","","","","","","","","",""
"Order","Filled","","2026-04-20T11:53:28.421Z","","","","","","KXBTC15M-26APR200800-00","feb8068e-58ed-4924-be65-47e821167e64","0.26","0","","","","","","","","","","","",""
"Order","Filled","","2026-04-20T10:49:40.404Z","","","","","","KXBTC15M-26APR200700-00","9c3817dd-6238-4546-91d9-ec787e11fe27","0.82","0","","","","","","","","","","","",""
"Order","Filled","","2026-04-20T10:47:52.531Z","","","","","","KXBTC15M-26APR200700-00","9c3817dd-6238-4546-91d9-ec787e11fe27","0.82","0","","","","","","","","","","","",""
"Order","Filled","","2026-04-20T10:20:54.589Z","","","","","","KXSOL15M-26APR200630-30","05462da0-e84d-465e-8596-8a1cb1162b46","0.33","0","","","","","","","","","","","",""
"Order","Filled","","2026-04-20T10:20:03.402Z","","","","","","KXSOL15M-26APR200630-30","05462da0-e84d-465e-8596-8a1cb1162b46","0.33","0","","","","","","","","","","","",""
"Order","Filled","","2026-04-20T09:58:01.172Z","","","","","","KXSOL15M-26APR200600-00","57c7689b-c138-40a3-b757-9263aa31a008","0.85","0","","","","","","","","","","","",""
"Order","Filled","","2026-04-20T09:56:40.779Z","","","","","","KXBTC15M-26APR200600-00","7ba15b75-a178-4985-b8f6-a016024f3eed","1.71","0","","","","","","","","","","","",""
"Order","Filled","","2026-04-20T09:52:13.508Z","","","","","","KXBTC15M-26APR200600-00","7ba15b75-a178-4985-b8f6-a016024f3eed","0.3","0","","","","","","","","","","","",""
"Order","Filled","","2026-04-20T09:49:35.154Z","","","","","","KXBTC15M-26APR200600-00","7ba15b75-a178-4985-b8f6-a016024f3eed","0.3","0","","","","","","","","","","","",""
"Order","Filled","","2026-04-20T09:25:33.191Z","","","","","","KXSOL15M-26APR200530-30","bc3ca8da-eb30-43ba-9fe7-7fd8b3d64078","0.34","0","","","","","","","","","","","",""
"Order","Filled","","2026-04-20T07:47:37.531Z","","","","","","KXETH15M-26APR200400-00","97f1ef7c-e6e5-4a6a-8f4c-ee0b2d5383c0","0.14","0","","","","","","","","","","","",""
"Order","Filled","","2026-04-20T07:45:44.199Z","","","","","","KXBTC15M-26APR200400-00","55e78cbd-125e-44ed-9252-50f393a9819c","0.15","0","","","","","","","","","","","",""
"Order","Filled","","2026-04-20T07:03:45.725Z","","","","","","KXXRP15M-26APR200315-15","b35b4090-96a3-484c-85db-e4f0a204b872","1.89","0","","","","","","","","","","","",""
"Order","Filled","","2026-04-20T07:01:27.480Z","","","","","","KXXRP15M-26APR200315-15","b35b4090-96a3-484c-85db-e4f0a204b872","1.89","0","","","","","","","","","","","",""
"Order","Filled","","2026-04-20T06:59:18.401Z","","","","","","KXBTC15M-26APR200300-00","382407b1-ea66-4096-ba5a-0d9a2d9376d2","0.27","0","","","","","","","","","","","",""
"Order","Filled","","2026-04-20T06:52:42.874Z","","","","","","KXBTC15M-26APR200300-00","382407b1-ea66-4096-ba5a-0d9a2d9376d2","0.27","0","","","","","","","","","","","",""
"Order","Filled","","2026-04-20T06:22:22.960Z","","","","","","KXSOL15M-26APR200230-30","a3c97ecd-3a63-4238-a9d8-a83ad48021b5","0.19","0","","","","","","","","","","","",""
"Order","Filled","","2026-04-20T06:14:42.395Z","","","","","","KXSOL15M-26APR200215-15","7b8551e2-840c-4ecd-966a-18f7b6a1814d","0.19","0","","","","","","","","","","","",""
"Order","Filled","","2026-04-20T06:04:33.475Z","","","","","","KXSOL15M-26APR200215-15","7b8551e2-840c-4ecd-966a-18f7b6a1814d","0.19","0","","","","","","","","","","","",""
"Order","Filled","","2026-04-20T05:50:38.239Z","","","","","","KXETH15M-26APR200200-00","257575b1-03b4-4117-8f63-75570423630e","0.15","0","","","","","","","","","","","",""
"Order","Filled","","2026-04-20T05:49:03.481Z","","","","","","KXETH15M-26APR200200-00","257575b1-03b4-4117-8f63-75570423630e","0.21","0","","","","","","","","","","","",""
"Order","Filled","","2026-04-20T03:33:32.046Z","","","","","","KXETH15M-26APR192345-45","bb1a429e-441b-49b3-a8f3-afa5f47d1f60","0.16","0","","","","","","","","","","","",""
"Order","Filled","","2026-04-20T03:28:36.631Z","","","","","","KXETH15M-26APR192330-30","2d0b1829-d752-4547-9605-c55d4dd1943b","0.15","0","","","","","","","","","","","",""
"Order","Filled","","2026-04-20T03:04:52.408Z","","","","","","KXETH15M-26APR192315-15","8e82a5fb-db71-4d50-aa58-a5317c71ae1f","0.2","0","","","","","","","","","","","",""
"Order","Filled","","2026-04-20T02:43:21.704Z","","","","","","KXBTC15M-26APR192245-45","291f8f11-2e40-423c-9984-43648a90416e","0.27","0","","","","","","","","","","","",""
"Order","Filled","","2026-04-20T02:37:36.638Z","","","","","","KXETH15M-26APR192245-45","aba3f840-f19c-43bc-85fa-afd886cc75ea","0.21","0","","","","","","","","","","","",""
"Order","Filled","","2026-04-19T23:38:02.974Z","","","","","","KXBTC15M-26APR191945-45","c18dfe3a-8c1d-4aa0-b860-38b19025cc6b","1.07","0","","","","","","","","","","","",""
"Order","Filled","","2026-04-19T23:35:18.149Z","","","","","","KXBTC15M-26APR191945-45","c18dfe3a-8c1d-4aa0-b860-38b19025cc6b","1.07","0","","","","","","","","","","","",""
"Order","Filled","","2026-04-19T21:27:05.749Z","","","","","","KXETH15M-26APR191730-30","207c8869-0559-40c5-8bb0-d32e4a1a7d70","2.05","0","","","","","","","","","","","",""
"Order","Filled","","2026-04-19T21:03:26.305Z","","","","","","KXETH15M-26APR191715-15","36c8e822-8ecd-469d-9fce-820f63b2cd19","1.64","0","","","","","","","","","","","",""
"Order","Filled","","2026-04-19T21:02:03.912Z","","","","","","KXETH15M-26APR191715-15","36c8e822-8ecd-469d-9fce-820f63b2cd19","2.01","0","","","","","","","","","","","",""
"Order","Filled","","2026-04-19T21:01:08.683Z","","","","","","KXETH15M-26APR191715-15","36c8e822-8ecd-469d-9fce-820f63b2cd19","2.01","0","","","","","","","","","","","",""
"Order","Filled","","2026-04-19T18:54:23.399Z","","","","","","KXETH15M-26APR191500-00","abe7f584-0659-4ecc-ba54-788c4fe91ad2","0.79","0","","","","","","","","","","","",""
"Order","Filled","","2026-04-19T18:50:51.035Z","","","","","","KXETH15M-26APR191500-00","abe7f584-0659-4ecc-ba54-788c4fe91ad2","1.64","0","","","","","","","","","","","",""
"Order","Filled","","2026-04-19T18:47:50.786Z","","","","","","KXETH15M-26APR191500-00","abe7f584-0659-4ecc-ba54-788c4fe91ad2","1.64","0","","","","","","","","","","","",""
"Order","Filled","","2026-04-19T17:27:15.502Z","","","","","","KXBTC15M-26APR191330-30","4c1a7dd2-bf16-457b-86ef-819207e38d1f","1.41","0","","","","","","","","","","","",""
"Order","Filled","","2026-04-19T17:26:28.775Z","","","","","","KXETH15M-26APR191330-30","4dd3e38a-21a7-497b-9bbe-2281dfb04912","1.25","0","","","","","","","","","","","",""
"Order","Filled","","2026-04-19T17:19:47.783Z","","","","","","KXBTC15M-26APR191330-30","4c1a7dd2-bf16-457b-86ef-819207e38d1f","1.41","0","","","","","","","","","","","",""
"Order","Filled","","2026-04-19T17:18:26.497Z","","","","","","KXETH15M-26APR191330-30","4dd3e38a-21a7-497b-9bbe-2281dfb04912","1.25","0","","","","","","","","","","","",""
"Order","Filled","","2026-04-19T16:01:05.014Z","","","","","","KXBTCD-26APR2417-T75499.99","e31fa45a-3c40-402e-b5e0-89f0316d664c","3.4","0","","","","","","","","","","","",""
"Order","Filled","","2026-04-19T15:59:37.291Z","","","","","","KXBTCD-26APR2417-T75499.99","e31fa45a-3c40-402e-b5e0-89f0316d664c","1.7","0","","","","","","","","","","","",""
"Order","Filled","","2026-04-19T15:56:04.371Z","","","","","","KXBTCD-26APR2417-T75499.99","e31fa45a-3c40-402e-b5e0-89f0316d664c","1.7","0","","","","","","","","","","","",""
"Order","Filled","","2026-04-19T15:54:59.107Z","","","","","","KXETHD-26APR1912-T2329.99","18eeacf7-6a43-4f52-a8ab-14519fdc9079","1.19","0","","","","","","","","","","","",""
"Deposit","Applied","15","2026-04-19T15:50:33.578Z","","April 19, 2026 at 11:50:33 AM EDT","debit","0","","","","","","","","","","","","","","","","",""